auc, verbosity, objective, 'metric', 'num_threads', 'eta', 'max_leaf', 'min_data', 'feature_fraction', 'reg_alpha', 'lambda', 'min_split_gain', 'max_bin'
0.8666545893719806,-1,binary,auc,9,0.001,5,5,0.1,0.0,0.0,0,100
0.8666545893719806,-1,binary,auc,9,0.001,5,5,0.1,0.0,0.0,0,255
0.8666545893719806,-1,binary,auc,9,0.001,5,5,0.1,0.0,0.0,0,500
0.7954045893719807,-1,binary,auc,9,0.001,5,5,0.1,0.0,0.0,50,100
0.7954045893719807,-1,binary,auc,9,0.001,5,5,0.1,0.0,0.0,50,255
0.7954045893719807,-1,binary,auc,9,0.001,5,5,0.1,0.0,0.0,50,500
0.7487499999999999,-1,binary,auc,9,0.001,5,5,0.1,0.0,0.0,100,100
0.7487499999999999,-1,binary,auc,9,0.001,5,5,0.1,0.0,0.0,100,255
0.7487499999999999,-1,binary,auc,9,0.001,5,5,0.1,0.0,0.0,100,500
0.6373540660225442,-1,binary,auc,9,0.001,5,5,0.1,0.0,0.0,250,100
0.6373540660225442,-1,binary,auc,9,0.001,5,5,0.1,0.0,0.0,250,255
0.6373540660225442,-1,binary,auc,9,0.001,5,5,0.1,0.0,0.0,250,500
0.8662983091787438,-1,binary,auc,9,0.001,5,5,0.1,0.0,0.01,0,100
0.8662983091787438,-1,binary,auc,9,0.001,5,5,0.1,0.0,0.01,0,255
0.8662983091787438,-1,binary,auc,9,0.001,5,5,0.1,0.0,0.01,0,500
0.7945430756843802,-1,binary,auc,9,0.001,5,5,0.1,0.0,0.01,50,100
0.7945430756843802,-1,binary,auc,9,0.001,5,5,0.1,0.0,0.01,50,255
0.7945430756843802,-1,binary,auc,9,0.001,5,5,0.1,0.0,0.01,50,500
0.7485869565217391,-1,binary,auc,9,0.001,5,5,0.1,0.0,0.01,100,100
0.7485869565217391,-1,binary,auc,9,0.001,5,5,0.1,0.0,0.01,100,255
0.7485869565217391,-1,binary,auc,9,0.001,5,5,0.1,0.0,0.01,100,500
0.6373540660225442,-1,binary,auc,9,0.001,5,5,0.1,0.0,0.01,250,100
0.6373540660225442,-1,binary,auc,9,0.001,5,5,0.1,0.0,0.01,250,255
0.6373540660225442,-1,binary,auc,9,0.001,5,5,0.1,0.0,0.01,250,500
0.8546356682769727,-1,binary,auc,9,0.001,5,5,0.1,0.0,1,0,100
0.8546356682769727,-1,binary,auc,9,0.001,5,5,0.1,0.0,1,0,255
0.8546356682769727,-1,binary,auc,9,0.001,5,5,0.1,0.0,1,0,500
0.769933574879227,-1,binary,auc,9,0.001,5,5,0.1,0.0,1,50,100
0.769933574879227,-1,binary,auc,9,0.001,5,5,0.1,0.0,1,50,255
0.769933574879227,-1,binary,auc,9,0.001,5,5,0.1,0.0,1,50,500
0.6989190821256039,-1,binary,auc,9,0.001,5,5,0.1,0.0,1,100,100
0.6989190821256039,-1,binary,auc,9,0.001,5,5,0.1,0.0,1,100,255
0.6989190821256039,-1,binary,auc,9,0.001,5,5,0.1,0.0,1,100,500
0.631622383252818,-1,binary,auc,9,0.001,5,5,0.1,0.0,1,250,100
0.631622383252818,-1,binary,auc,9,0.001,5,5,0.1,0.0,1,250,255
0.631622383252818,-1,binary,auc,9,0.001,5,5,0.1,0.0,1,250,500
0.8267602657004831,-1,binary,auc,9,0.001,5,5,0.1,0.0,5,0,100
0.8267602657004831,-1,binary,auc,9,0.001,5,5,0.1,0.0,5,0,255
0.8267602657004831,-1,binary,auc,9,0.001,5,5,0.1,0.0,5,0,500
0.7367270531400968,-1,binary,auc,9,0.001,5,5,0.1,0.0,5,50,100
0.7367270531400968,-1,binary,auc,9,0.001,5,5,0.1,0.0,5,50,255
0.7367270531400968,-1,binary,auc,9,0.001,5,5,0.1,0.0,5,50,500
0.7001127214170693,-1,binary,auc,9,0.001,5,5,0.1,0.0,5,100,100
0.7001127214170693,-1,binary,auc,9,0.001,5,5,0.1,0.0,5,100,255
0.7001127214170693,-1,binary,auc,9,0.001,5,5,0.1,0.0,5,100,500
0.5799245169082126,-1,binary,auc,9,0.001,5,5,0.1,0.0,5,250,100
0.5799245169082126,-1,binary,auc,9,0.001,5,5,0.1,0.0,5,250,255
0.5799245169082126,-1,binary,auc,9,0.001,5,5,0.1,0.0,5,250,500
0.7773359500805154,-1,binary,auc,9,0.001,5,5,0.1,0.0,25,0,100
0.7773419887278583,-1,binary,auc,9,0.001,5,5,0.1,0.0,25,0,255
0.7773419887278583,-1,binary,auc,9,0.001,5,5,0.1,0.0,25,0,500
0.7155797101449275,-1,binary,auc,9,0.001,5,5,0.1,0.0,25,50,100
0.7155797101449275,-1,binary,auc,9,0.001,5,5,0.1,0.0,25,50,255
0.7155797101449275,-1,binary,auc,9,0.001,5,5,0.1,0.0,25,50,500
0.6185185185185185,-1,binary,auc,9,0.001,5,5,0.1,0.0,25,100,100
0.6185185185185185,-1,binary,auc,9,0.001,5,5,0.1,0.0,25,100,255
0.6185185185185185,-1,binary,auc,9,0.001,5,5,0.1,0.0,25,100,500
0.533707729468599,-1,binary,auc,9,0.001,5,5,0.1,0.0,25,250,100
0.533707729468599,-1,binary,auc,9,0.001,5,5,0.1,0.0,25,250,255
0.533707729468599,-1,binary,auc,9,0.001,5,5,0.1,0.0,25,250,500
0.8664734299516907,-1,binary,auc,9,0.001,5,5,0.1,0.01,0.0,0,100
0.8664734299516907,-1,binary,auc,9,0.001,5,5,0.1,0.01,0.0,0,255
0.8664734299516907,-1,binary,auc,9,0.001,5,5,0.1,0.01,0.0,0,500
0.795408615136876,-1,binary,auc,9,0.001,5,5,0.1,0.01,0.0,50,100
0.795408615136876,-1,binary,auc,9,0.001,5,5,0.1,0.01,0.0,50,255
0.795408615136876,-1,binary,auc,9,0.001,5,5,0.1,0.01,0.0,50,500
0.7487338969404186,-1,binary,auc,9,0.001,5,5,0.1,0.01,0.0,100,100
0.7487338969404186,-1,binary,auc,9,0.001,5,5,0.1,0.01,0.0,100,255
0.7487338969404186,-1,binary,auc,9,0.001,5,5,0.1,0.01,0.0,100,500
0.6373540660225442,-1,binary,auc,9,0.001,5,5,0.1,0.01,0.0,250,100
0.6373540660225442,-1,binary,auc,9,0.001,5,5,0.1,0.01,0.0,250,255
0.6373540660225442,-1,binary,auc,9,0.001,5,5,0.1,0.01,0.0,250,500
0.8663919082125604,-1,binary,auc,9,0.001,5,5,0.1,0.01,0.01,0,100
0.8663919082125604,-1,binary,auc,9,0.001,5,5,0.1,0.01,0.01,0,255
0.8663919082125604,-1,binary,auc,9,0.001,5,5,0.1,0.01,0.01,0,500
0.7933675523349437,-1,binary,auc,9,0.001,5,5,0.1,0.01,0.01,50,100
0.7933675523349437,-1,binary,auc,9,0.001,5,5,0.1,0.01,0.01,50,255
0.7933675523349437,-1,binary,auc,9,0.001,5,5,0.1,0.01,0.01,50,500
0.7485386473429951,-1,binary,auc,9,0.001,5,5,0.1,0.01,0.01,100,100
0.7485386473429951,-1,binary,auc,9,0.001,5,5,0.1,0.01,0.01,100,255
0.7485386473429951,-1,binary,auc,9,0.001,5,5,0.1,0.01,0.01,100,500
0.6373540660225442,-1,binary,auc,9,0.001,5,5,0.1,0.01,0.01,250,100
0.6373540660225442,-1,binary,auc,9,0.001,5,5,0.1,0.01,0.01,250,255
0.6373540660225442,-1,binary,auc,9,0.001,5,5,0.1,0.01,0.01,250,500
0.8543599033816425,-1,binary,auc,9,0.001,5,5,0.1,0.01,1,0,100
0.8543599033816425,-1,binary,auc,9,0.001,5,5,0.1,0.01,1,0,255
0.8543599033816425,-1,binary,auc,9,0.001,5,5,0.1,0.01,1,0,500
0.7699315619967794,-1,binary,auc,9,0.001,5,5,0.1,0.01,1,50,100
0.7699315619967794,-1,binary,auc,9,0.001,5,5,0.1,0.01,1,50,255
0.7699315619967794,-1,binary,auc,9,0.001,5,5,0.1,0.01,1,50,500
0.6989190821256039,-1,binary,auc,9,0.001,5,5,0.1,0.01,1,100,100
0.6989190821256039,-1,binary,auc,9,0.001,5,5,0.1,0.01,1,100,255
0.6989190821256039,-1,binary,auc,9,0.001,5,5,0.1,0.01,1,100,500
0.631622383252818,-1,binary,auc,9,0.001,5,5,0.1,0.01,1,250,100
0.631622383252818,-1,binary,auc,9,0.001,5,5,0.1,0.01,1,250,255
0.631622383252818,-1,binary,auc,9,0.001,5,5,0.1,0.01,1,250,500
0.8267441626409017,-1,binary,auc,9,0.001,5,5,0.1,0.01,5,0,100
0.8267441626409017,-1,binary,auc,9,0.001,5,5,0.1,0.01,5,0,255
0.8267441626409017,-1,binary,auc,9,0.001,5,5,0.1,0.01,5,0,500
0.7367290660225444,-1,binary,auc,9,0.001,5,5,0.1,0.01,5,50,100
0.7367290660225444,-1,binary,auc,9,0.001,5,5,0.1,0.01,5,50,255
0.7367290660225444,-1,binary,auc,9,0.001,5,5,0.1,0.01,5,50,500
0.7001127214170693,-1,binary,auc,9,0.001,5,5,0.1,0.01,5,100,100
0.7001127214170693,-1,binary,auc,9,0.001,5,5,0.1,0.01,5,100,255
0.7001127214170693,-1,binary,auc,9,0.001,5,5,0.1,0.01,5,100,500
0.5799245169082126,-1,binary,auc,9,0.001,5,5,0.1,0.01,5,250,100
0.5799245169082126,-1,binary,auc,9,0.001,5,5,0.1,0.01,5,250,255
0.5799245169082126,-1,binary,auc,9,0.001,5,5,0.1,0.01,5,250,500
0.7773359500805153,-1,binary,auc,9,0.001,5,5,0.1,0.01,25,0,100
0.777337962962963,-1,binary,auc,9,0.001,5,5,0.1,0.01,25,0,255
0.777337962962963,-1,binary,auc,9,0.001,5,5,0.1,0.01,25,0,500
0.7155676328502415,-1,binary,auc,9,0.001,5,5,0.1,0.01,25,50,100
0.7155676328502415,-1,binary,auc,9,0.001,5,5,0.1,0.01,25,50,255
0.7155676328502415,-1,binary,auc,9,0.001,5,5,0.1,0.01,25,50,500
0.6185185185185185,-1,binary,auc,9,0.001,5,5,0.1,0.01,25,100,100
0.6185185185185185,-1,binary,auc,9,0.001,5,5,0.1,0.01,25,100,255
0.6185185185185185,-1,binary,auc,9,0.001,5,5,0.1,0.01,25,100,500
0.533707729468599,-1,binary,auc,9,0.001,5,5,0.1,0.01,25,250,100
0.533707729468599,-1,binary,auc,9,0.001,5,5,0.1,0.01,25,250,255
0.533707729468599,-1,binary,auc,9,0.001,5,5,0.1,0.01,25,250,500
0.8606088969404186,-1,binary,auc,9,0.001,5,5,0.1,1,0.0,0,100
0.8606088969404186,-1,binary,auc,9,0.001,5,5,0.1,1,0.0,0,255
0.8606088969404186,-1,binary,auc,9,0.001,5,5,0.1,1,0.0,0,500
0.791701892109501,-1,binary,auc,9,0.001,5,5,0.1,1,0.0,50,100
0.791701892109501,-1,binary,auc,9,0.001,5,5,0.1,1,0.0,50,255
0.791701892109501,-1,binary,auc,9,0.001,5,5,0.1,1,0.0,50,500
0.7405132850241547,-1,binary,auc,9,0.001,5,5,0.1,1,0.0,100,100
0.7405132850241547,-1,binary,auc,9,0.001,5,5,0.1,1,0.0,100,255
0.7405132850241547,-1,binary,auc,9,0.001,5,5,0.1,1,0.0,100,500
0.6329891304347826,-1,binary,auc,9,0.001,5,5,0.1,1,0.0,250,100
0.6329891304347826,-1,binary,auc,9,0.001,5,5,0.1,1,0.0,250,255
0.6329891304347826,-1,binary,auc,9,0.001,5,5,0.1,1,0.0,250,500
0.8605505233494364,-1,binary,auc,9,0.001,5,5,0.1,1,0.01,0,100
0.8605505233494364,-1,binary,auc,9,0.001,5,5,0.1,1,0.01,0,255
0.8605505233494364,-1,binary,auc,9,0.001,5,5,0.1,1,0.01,0,500
0.7913234702093398,-1,binary,auc,9,0.001,5,5,0.1,1,0.01,50,100
0.7913234702093398,-1,binary,auc,9,0.001,5,5,0.1,1,0.01,50,255
0.7913234702093398,-1,binary,auc,9,0.001,5,5,0.1,1,0.01,50,500
0.7366324476650563,-1,binary,auc,9,0.001,5,5,0.1,1,0.01,100,100
0.7366324476650563,-1,binary,auc,9,0.001,5,5,0.1,1,0.01,100,255
0.7366324476650563,-1,binary,auc,9,0.001,5,5,0.1,1,0.01,100,500
0.6316485507246377,-1,binary,auc,9,0.001,5,5,0.1,1,0.01,250,100
0.6316485507246377,-1,binary,auc,9,0.001,5,5,0.1,1,0.01,250,255
0.6316485507246377,-1,binary,auc,9,0.001,5,5,0.1,1,0.01,250,500
0.8477204106280193,-1,binary,auc,9,0.001,5,5,0.1,1,1,0,100
0.8477204106280193,-1,binary,auc,9,0.001,5,5,0.1,1,1,0,255
0.8477204106280193,-1,binary,auc,9,0.001,5,5,0.1,1,1,0,500
0.768029388083736,-1,binary,auc,9,0.001,5,5,0.1,1,1,50,100
0.768029388083736,-1,binary,auc,9,0.001,5,5,0.1,1,1,50,255
0.768029388083736,-1,binary,auc,9,0.001,5,5,0.1,1,1,50,500
0.698131038647343,-1,binary,auc,9,0.001,5,5,0.1,1,1,100,100
0.698131038647343,-1,binary,auc,9,0.001,5,5,0.1,1,1,100,255
0.698131038647343,-1,binary,auc,9,0.001,5,5,0.1,1,1,100,500
0.6316002415458937,-1,binary,auc,9,0.001,5,5,0.1,1,1,250,100
0.6316002415458937,-1,binary,auc,9,0.001,5,5,0.1,1,1,250,255
0.6316002415458937,-1,binary,auc,9,0.001,5,5,0.1,1,1,250,500
0.8215539452495975,-1,binary,auc,9,0.001,5,5,0.1,1,5,0,100
0.8215539452495975,-1,binary,auc,9,0.001,5,5,0.1,1,5,0,255
0.8215539452495975,-1,binary,auc,9,0.001,5,5,0.1,1,5,0,500
0.7360487117552335,-1,binary,auc,9,0.001,5,5,0.1,1,5,50,100
0.7360487117552335,-1,binary,auc,9,0.001,5,5,0.1,1,5,50,255
0.7360487117552335,-1,binary,auc,9,0.001,5,5,0.1,1,5,50,500
0.6795642109500806,-1,binary,auc,9,0.001,5,5,0.1,1,5,100,100
0.6795642109500806,-1,binary,auc,9,0.001,5,5,0.1,1,5,100,255
0.6795642109500806,-1,binary,auc,9,0.001,5,5,0.1,1,5,100,500
0.5799245169082126,-1,binary,auc,9,0.001,5,5,0.1,1,5,250,100
0.5799245169082126,-1,binary,auc,9,0.001,5,5,0.1,1,5,250,255
0.5799245169082126,-1,binary,auc,9,0.001,5,5,0.1,1,5,250,500
0.7730485104669887,-1,binary,auc,9,0.001,5,5,0.1,1,25,0,100
0.7730324074074074,-1,binary,auc,9,0.001,5,5,0.1,1,25,0,255
0.7730324074074074,-1,binary,auc,9,0.001,5,5,0.1,1,25,0,500
0.7128814412238327,-1,binary,auc,9,0.001,5,5,0.1,1,25,50,100
0.7128814412238327,-1,binary,auc,9,0.001,5,5,0.1,1,25,50,255
0.7128814412238327,-1,binary,auc,9,0.001,5,5,0.1,1,25,50,500
0.6076831723027375,-1,binary,auc,9,0.001,5,5,0.1,1,25,100,100
0.6076831723027375,-1,binary,auc,9,0.001,5,5,0.1,1,25,100,255
0.6076831723027375,-1,binary,auc,9,0.001,5,5,0.1,1,25,100,500
0.533707729468599,-1,binary,auc,9,0.001,5,5,0.1,1,25,250,100
0.533707729468599,-1,binary,auc,9,0.001,5,5,0.1,1,25,250,255
0.533707729468599,-1,binary,auc,9,0.001,5,5,0.1,1,25,250,500
0.8323490338164251,-1,binary,auc,9,0.001,5,5,0.1,5,0.0,0,100
0.8323490338164251,-1,binary,auc,9,0.001,5,5,0.1,5,0.0,0,255
0.8323490338164251,-1,binary,auc,9,0.001,5,5,0.1,5,0.0,0,500
0.7386302334943639,-1,binary,auc,9,0.001,5,5,0.1,5,0.0,50,100
0.7386302334943639,-1,binary,auc,9,0.001,5,5,0.1,5,0.0,50,255
0.7386302334943639,-1,binary,auc,9,0.001,5,5,0.1,5,0.0,50,500
0.6817864331723027,-1,binary,auc,9,0.001,5,5,0.1,5,0.0,100,100
0.6817864331723027,-1,binary,auc,9,0.001,5,5,0.1,5,0.0,100,255
0.6817864331723027,-1,binary,auc,9,0.001,5,5,0.1,5,0.0,100,500
0.6316727053140097,-1,binary,auc,9,0.001,5,5,0.1,5,0.0,250,100
0.6316727053140097,-1,binary,auc,9,0.001,5,5,0.1,5,0.0,250,255
0.6316727053140097,-1,binary,auc,9,0.001,5,5,0.1,5,0.0,250,500
0.8322242351046699,-1,binary,auc,9,0.001,5,5,0.1,5,0.01,0,100
0.8322242351046699,-1,binary,auc,9,0.001,5,5,0.1,5,0.01,0,255
0.8322242351046699,-1,binary,auc,9,0.001,5,5,0.1,5,0.01,0,500
0.7386262077294686,-1,binary,auc,9,0.001,5,5,0.1,5,0.01,50,100
0.7386262077294686,-1,binary,auc,9,0.001,5,5,0.1,5,0.01,50,255
0.7386262077294686,-1,binary,auc,9,0.001,5,5,0.1,5,0.01,50,500
0.681569041867955,-1,binary,auc,9,0.001,5,5,0.1,5,0.01,100,100
0.681569041867955,-1,binary,auc,9,0.001,5,5,0.1,5,0.01,100,255
0.681569041867955,-1,binary,auc,9,0.001,5,5,0.1,5,0.01,100,500
0.6316425120772946,-1,binary,auc,9,0.001,5,5,0.1,5,0.01,250,100
0.6316425120772946,-1,binary,auc,9,0.001,5,5,0.1,5,0.01,250,255
0.6316425120772946,-1,binary,auc,9,0.001,5,5,0.1,5,0.01,250,500
0.8214009661835748,-1,binary,auc,9,0.001,5,5,0.1,5,1,0,100
0.8214009661835748,-1,binary,auc,9,0.001,5,5,0.1,5,1,0,255
0.8214009661835748,-1,binary,auc,9,0.001,5,5,0.1,5,1,0,500
0.7371095008051529,-1,binary,auc,9,0.001,5,5,0.1,5,1,50,100
0.7371095008051529,-1,binary,auc,9,0.001,5,5,0.1,5,1,50,255
0.7371095008051529,-1,binary,auc,9,0.001,5,5,0.1,5,1,50,500
0.6798299114331723,-1,binary,auc,9,0.001,5,5,0.1,5,1,100,100
0.6798299114331723,-1,binary,auc,9,0.001,5,5,0.1,5,1,100,255
0.6798299114331723,-1,binary,auc,9,0.001,5,5,0.1,5,1,100,500
0.5813244766505636,-1,binary,auc,9,0.001,5,5,0.1,5,1,250,100
0.5813244766505636,-1,binary,auc,9,0.001,5,5,0.1,5,1,250,255
0.5813244766505636,-1,binary,auc,9,0.001,5,5,0.1,5,1,250,500
0.803756038647343,-1,binary,auc,9,0.001,5,5,0.1,5,5,0,100
0.8037419484702094,-1,binary,auc,9,0.001,5,5,0.1,5,5,0,255
0.8037419484702094,-1,binary,auc,9,0.001,5,5,0.1,5,5,0,500
0.7333162238325281,-1,binary,auc,9,0.001,5,5,0.1,5,5,50,100
0.7333162238325281,-1,binary,auc,9,0.001,5,5,0.1,5,5,50,255
0.7333162238325281,-1,binary,auc,9,0.001,5,5,0.1,5,5,50,500
0.6722000805152979,-1,binary,auc,9,0.001,5,5,0.1,5,5,100,100
0.6722000805152979,-1,binary,auc,9,0.001,5,5,0.1,5,5,100,255
0.6722000805152979,-1,binary,auc,9,0.001,5,5,0.1,5,5,100,500
0.5799245169082126,-1,binary,auc,9,0.001,5,5,0.1,5,5,250,100
0.5799245169082126,-1,binary,auc,9,0.001,5,5,0.1,5,5,250,255
0.5799245169082126,-1,binary,auc,9,0.001,5,5,0.1,5,5,250,500
0.7547222222222222,-1,binary,auc,9,0.001,5,5,0.1,5,25,0,100
0.7547383252818036,-1,binary,auc,9,0.001,5,5,0.1,5,25,0,255
0.7547383252818036,-1,binary,auc,9,0.001,5,5,0.1,5,25,0,500
0.664350845410628,-1,binary,auc,9,0.001,5,5,0.1,5,25,50,100
0.664350845410628,-1,binary,auc,9,0.001,5,5,0.1,5,25,50,255
0.664350845410628,-1,binary,auc,9,0.001,5,5,0.1,5,25,50,500
0.6056350644122384,-1,binary,auc,9,0.001,5,5,0.1,5,25,100,100
0.6056350644122384,-1,binary,auc,9,0.001,5,5,0.1,5,25,100,255
0.6056350644122384,-1,binary,auc,9,0.001,5,5,0.1,5,25,100,500
0.533707729468599,-1,binary,auc,9,0.001,5,5,0.1,5,25,250,100
0.533707729468599,-1,binary,auc,9,0.001,5,5,0.1,5,25,250,255
0.533707729468599,-1,binary,auc,9,0.001,5,5,0.1,5,25,250,500
0.7280776972624798,-1,binary,auc,9,0.001,5,5,0.1,25,0.0,0,100
0.7280615942028985,-1,binary,auc,9,0.001,5,5,0.1,25,0.0,0,255
0.7280615942028985,-1,binary,auc,9,0.001,5,5,0.1,25,0.0,0,500
0.624693035426731,-1,binary,auc,9,0.001,5,5,0.1,25,0.0,50,100
0.624693035426731,-1,binary,auc,9,0.001,5,5,0.1,25,0.0,50,255
0.624693035426731,-1,binary,auc,9,0.001,5,5,0.1,25,0.0,50,500
0.5906712962962963,-1,binary,auc,9,0.001,5,5,0.1,25,0.0,100,100
0.5906712962962963,-1,binary,auc,9,0.001,5,5,0.1,25,0.0,100,255
0.5906712962962963,-1,binary,auc,9,0.001,5,5,0.1,25,0.0,100,500
0.533707729468599,-1,binary,auc,9,0.001,5,5,0.1,25,0.0,250,100
0.533707729468599,-1,binary,auc,9,0.001,5,5,0.1,25,0.0,250,255
0.533707729468599,-1,binary,auc,9,0.001,5,5,0.1,25,0.0,250,500
0.7280756843800322,-1,binary,auc,9,0.001,5,5,0.1,25,0.01,0,100
0.7280615942028985,-1,binary,auc,9,0.001,5,5,0.1,25,0.01,0,255
0.7280615942028985,-1,binary,auc,9,0.001,5,5,0.1,25,0.01,0,500
0.624693035426731,-1,binary,auc,9,0.001,5,5,0.1,25,0.01,50,100
0.624693035426731,-1,binary,auc,9,0.001,5,5,0.1,25,0.01,50,255
0.624693035426731,-1,binary,auc,9,0.001,5,5,0.1,25,0.01,50,500
0.5906712962962963,-1,binary,auc,9,0.001,5,5,0.1,25,0.01,100,100
0.5906712962962963,-1,binary,auc,9,0.001,5,5,0.1,25,0.01,100,255
0.5906712962962963,-1,binary,auc,9,0.001,5,5,0.1,25,0.01,100,500
0.533707729468599,-1,binary,auc,9,0.001,5,5,0.1,25,0.01,250,100
0.533707729468599,-1,binary,auc,9,0.001,5,5,0.1,25,0.01,250,255
0.533707729468599,-1,binary,auc,9,0.001,5,5,0.1,25,0.01,250,500
0.726719001610306,-1,binary,auc,9,0.001,5,5,0.1,25,1,0,100
0.7267008856682768,-1,binary,auc,9,0.001,5,5,0.1,25,1,0,255
0.7267008856682768,-1,binary,auc,9,0.001,5,5,0.1,25,1,0,500
0.6252304750402576,-1,binary,auc,9,0.001,5,5,0.1,25,1,50,100
0.6252304750402576,-1,binary,auc,9,0.001,5,5,0.1,25,1,50,255
0.6252304750402576,-1,binary,auc,9,0.001,5,5,0.1,25,1,50,500
0.5906712962962963,-1,binary,auc,9,0.001,5,5,0.1,25,1,100,100
0.5906712962962963,-1,binary,auc,9,0.001,5,5,0.1,25,1,100,255
0.5906712962962963,-1,binary,auc,9,0.001,5,5,0.1,25,1,100,500
0.533707729468599,-1,binary,auc,9,0.001,5,5,0.1,25,1,250,100
0.533707729468599,-1,binary,auc,9,0.001,5,5,0.1,25,1,250,255
0.533707729468599,-1,binary,auc,9,0.001,5,5,0.1,25,1,250,500
0.7015962157809984,-1,binary,auc,9,0.001,5,5,0.1,25,5,0,100
0.7016022544283413,-1,binary,auc,9,0.001,5,5,0.1,25,5,0,255
0.7016022544283413,-1,binary,auc,9,0.001,5,5,0.1,25,5,0,500
0.6230243558776168,-1,binary,auc,9,0.001,5,5,0.1,25,5,50,100
0.6230243558776168,-1,binary,auc,9,0.001,5,5,0.1,25,5,50,255
0.6230243558776168,-1,binary,auc,9,0.001,5,5,0.1,25,5,50,500
0.5733745974235105,-1,binary,auc,9,0.001,5,5,0.1,25,5,100,100
0.5733745974235105,-1,binary,auc,9,0.001,5,5,0.1,25,5,100,255
0.5733745974235105,-1,binary,auc,9,0.001,5,5,0.1,25,5,100,500
0.533707729468599,-1,binary,auc,9,0.001,5,5,0.1,25,5,250,100
0.533707729468599,-1,binary,auc,9,0.001,5,5,0.1,25,5,250,255
0.533707729468599,-1,binary,auc,9,0.001,5,5,0.1,25,5,250,500
0.6784752415458937,-1,binary,auc,9,0.001,5,5,0.1,25,25,0,100
0.6784752415458937,-1,binary,auc,9,0.001,5,5,0.1,25,25,0,255
0.6784752415458937,-1,binary,auc,9,0.001,5,5,0.1,25,25,0,500
0.5918578904991949,-1,binary,auc,9,0.001,5,5,0.1,25,25,50,100
0.5918578904991949,-1,binary,auc,9,0.001,5,5,0.1,25,25,50,255
0.5918578904991949,-1,binary,auc,9,0.001,5,5,0.1,25,25,50,500
0.5397061191626409,-1,binary,auc,9,0.001,5,5,0.1,25,25,100,100
0.5397061191626409,-1,binary,auc,9,0.001,5,5,0.1,25,25,100,255
0.5397061191626409,-1,binary,auc,9,0.001,5,5,0.1,25,25,100,500
0.5088073671497585,-1,binary,auc,9,0.001,5,5,0.1,25,25,250,100
0.5088073671497585,-1,binary,auc,9,0.001,5,5,0.1,25,25,250,255
0.5088073671497585,-1,binary,auc,9,0.001,5,5,0.1,25,25,250,500
0.8898661433172304,-1,binary,auc,9,0.001,5,5,0.25,0.0,0.0,0,100
0.8898661433172304,-1,binary,auc,9,0.001,5,5,0.25,0.0,0.0,0,255
0.8898661433172304,-1,binary,auc,9,0.001,5,5,0.25,0.0,0.0,0,500
0.8226882045088566,-1,binary,auc,9,0.001,5,5,0.25,0.0,0.0,50,100
0.8226882045088566,-1,binary,auc,9,0.001,5,5,0.25,0.0,0.0,50,255
0.8226882045088566,-1,binary,auc,9,0.001,5,5,0.25,0.0,0.0,50,500
0.7831320450885668,-1,binary,auc,9,0.001,5,5,0.25,0.0,0.0,100,100
0.7831320450885668,-1,binary,auc,9,0.001,5,5,0.25,0.0,0.0,100,255
0.7831320450885668,-1,binary,auc,9,0.001,5,5,0.25,0.0,0.0,100,500
0.6412973027375201,-1,binary,auc,9,0.001,5,5,0.25,0.0,0.0,250,100
0.6412973027375201,-1,binary,auc,9,0.001,5,5,0.25,0.0,0.0,250,255
0.6412973027375201,-1,binary,auc,9,0.001,5,5,0.25,0.0,0.0,250,500
0.8894061996779389,-1,binary,auc,9,0.001,5,5,0.25,0.0,0.01,0,100
0.8894061996779389,-1,binary,auc,9,0.001,5,5,0.25,0.0,0.01,0,255
0.8894061996779389,-1,binary,auc,9,0.001,5,5,0.25,0.0,0.01,0,500
0.8214744363929147,-1,binary,auc,9,0.001,5,5,0.25,0.0,0.01,50,100
0.8214744363929147,-1,binary,auc,9,0.001,5,5,0.25,0.0,0.01,50,255
0.8214744363929147,-1,binary,auc,9,0.001,5,5,0.25,0.0,0.01,50,500
0.7831280193236715,-1,binary,auc,9,0.001,5,5,0.25,0.0,0.01,100,100
0.7831280193236715,-1,binary,auc,9,0.001,5,5,0.25,0.0,0.01,100,255
0.7831280193236715,-1,binary,auc,9,0.001,5,5,0.25,0.0,0.01,100,500
0.6412973027375201,-1,binary,auc,9,0.001,5,5,0.25,0.0,0.01,250,100
0.6412973027375201,-1,binary,auc,9,0.001,5,5,0.25,0.0,0.01,250,255
0.6412973027375201,-1,binary,auc,9,0.001,5,5,0.25,0.0,0.01,250,500
0.8878975442834138,-1,binary,auc,9,0.001,5,5,0.25,0.0,1,0,100
0.8878975442834138,-1,binary,auc,9,0.001,5,5,0.25,0.0,1,0,255
0.8878975442834138,-1,binary,auc,9,0.001,5,5,0.25,0.0,1,0,500
0.8213929146537844,-1,binary,auc,9,0.001,5,5,0.25,0.0,1,50,100
0.8213929146537844,-1,binary,auc,9,0.001,5,5,0.25,0.0,1,50,255
0.8213929146537844,-1,binary,auc,9,0.001,5,5,0.25,0.0,1,50,500
0.7297453703703703,-1,binary,auc,9,0.001,5,5,0.25,0.0,1,100,100
0.7297453703703703,-1,binary,auc,9,0.001,5,5,0.25,0.0,1,100,255
0.7297453703703703,-1,binary,auc,9,0.001,5,5,0.25,0.0,1,100,500
0.6319102254428342,-1,binary,auc,9,0.001,5,5,0.25,0.0,1,250,100
0.6319102254428342,-1,binary,auc,9,0.001,5,5,0.25,0.0,1,250,255
0.6319102254428342,-1,binary,auc,9,0.001,5,5,0.25,0.0,1,250,500
0.865305958132045,-1,binary,auc,9,0.001,5,5,0.25,0.0,5,0,100
0.865305958132045,-1,binary,auc,9,0.001,5,5,0.25,0.0,5,0,255
0.865305958132045,-1,binary,auc,9,0.001,5,5,0.25,0.0,5,0,500
0.785499194847021,-1,binary,auc,9,0.001,5,5,0.25,0.0,5,50,100
0.785499194847021,-1,binary,auc,9,0.001,5,5,0.25,0.0,5,50,255
0.785499194847021,-1,binary,auc,9,0.001,5,5,0.25,0.0,5,50,500
0.7219454508856683,-1,binary,auc,9,0.001,5,5,0.25,0.0,5,100,100
0.7219454508856683,-1,binary,auc,9,0.001,5,5,0.25,0.0,5,100,255
0.7219454508856683,-1,binary,auc,9,0.001,5,5,0.25,0.0,5,100,500
0.5793729871175524,-1,binary,auc,9,0.001,5,5,0.25,0.0,5,250,100
0.5793729871175524,-1,binary,auc,9,0.001,5,5,0.25,0.0,5,250,255
0.5793729871175524,-1,binary,auc,9,0.001,5,5,0.25,0.0,5,250,500
0.8189462560386473,-1,binary,auc,9,0.001,5,5,0.25,0.0,25,0,100
0.8189462560386473,-1,binary,auc,9,0.001,5,5,0.25,0.0,25,0,255
0.8189462560386473,-1,binary,auc,9,0.001,5,5,0.25,0.0,25,0,500
0.7439049919484703,-1,binary,auc,9,0.001,5,5,0.25,0.0,25,50,100
0.7439049919484703,-1,binary,auc,9,0.001,5,5,0.25,0.0,25,50,255
0.7439049919484703,-1,binary,auc,9,0.001,5,5,0.25,0.0,25,50,500
0.6743639291465379,-1,binary,auc,9,0.001,5,5,0.25,0.0,25,100,100
0.6743639291465379,-1,binary,auc,9,0.001,5,5,0.25,0.0,25,100,255
0.6743639291465379,-1,binary,auc,9,0.001,5,5,0.25,0.0,25,100,500
0.533707729468599,-1,binary,auc,9,0.001,5,5,0.25,0.0,25,250,100
0.533707729468599,-1,binary,auc,9,0.001,5,5,0.25,0.0,25,250,255
0.533707729468599,-1,binary,auc,9,0.001,5,5,0.25,0.0,25,250,500
0.889910426731079,-1,binary,auc,9,0.001,5,5,0.25,0.01,0.0,0,100
0.889910426731079,-1,binary,auc,9,0.001,5,5,0.25,0.01,0.0,0,255
0.889910426731079,-1,binary,auc,9,0.001,5,5,0.25,0.01,0.0,0,500
0.8226801529790659,-1,binary,auc,9,0.001,5,5,0.25,0.01,0.0,50,100
0.8226801529790659,-1,binary,auc,9,0.001,5,5,0.25,0.01,0.0,50,255
0.8226801529790659,-1,binary,auc,9,0.001,5,5,0.25,0.01,0.0,50,500
0.7831320450885668,-1,binary,auc,9,0.001,5,5,0.25,0.01,0.0,100,100
0.7831320450885668,-1,binary,auc,9,0.001,5,5,0.25,0.01,0.0,100,255
0.7831320450885668,-1,binary,auc,9,0.001,5,5,0.25,0.01,0.0,100,500
0.6412973027375201,-1,binary,auc,9,0.001,5,5,0.25,0.01,0.0,250,100
0.6412973027375201,-1,binary,auc,9,0.001,5,5,0.25,0.01,0.0,250,255
0.6412973027375201,-1,binary,auc,9,0.001,5,5,0.25,0.01,0.0,250,500
0.8903341384863126,-1,binary,auc,9,0.001,5,5,0.25,0.01,0.01,0,100
0.8903341384863126,-1,binary,auc,9,0.001,5,5,0.25,0.01,0.01,0,255
0.8903341384863126,-1,binary,auc,9,0.001,5,5,0.25,0.01,0.01,0,500
0.821436191626409,-1,binary,auc,9,0.001,5,5,0.25,0.01,0.01,50,100
0.821436191626409,-1,binary,auc,9,0.001,5,5,0.25,0.01,0.01,50,255
0.821436191626409,-1,binary,auc,9,0.001,5,5,0.25,0.01,0.01,50,500
0.7830998389694042,-1,binary,auc,9,0.001,5,5,0.25,0.01,0.01,100,100
0.7830998389694042,-1,binary,auc,9,0.001,5,5,0.25,0.01,0.01,100,255
0.7830998389694042,-1,binary,auc,9,0.001,5,5,0.25,0.01,0.01,100,500
0.6412973027375201,-1,binary,auc,9,0.001,5,5,0.25,0.01,0.01,250,100
0.6412973027375201,-1,binary,auc,9,0.001,5,5,0.25,0.01,0.01,250,255
0.6412973027375201,-1,binary,auc,9,0.001,5,5,0.25,0.01,0.01,250,500
0.8877304750402576,-1,binary,auc,9,0.001,5,5,0.25,0.01,1,0,100
0.8877304750402576,-1,binary,auc,9,0.001,5,5,0.25,0.01,1,0,255
0.8877304750402576,-1,binary,auc,9,0.001,5,5,0.25,0.01,1,0,500
0.8208615136876007,-1,binary,auc,9,0.001,5,5,0.25,0.01,1,50,100
0.8208615136876007,-1,binary,auc,9,0.001,5,5,0.25,0.01,1,50,255
0.8208615136876007,-1,binary,auc,9,0.001,5,5,0.25,0.01,1,50,500
0.7297453703703703,-1,binary,auc,9,0.001,5,5,0.25,0.01,1,100,100
0.7297453703703703,-1,binary,auc,9,0.001,5,5,0.25,0.01,1,100,255
0.7297453703703703,-1,binary,auc,9,0.001,5,5,0.25,0.01,1,100,500
0.6319102254428342,-1,binary,auc,9,0.001,5,5,0.25,0.01,1,250,100
0.6319102254428342,-1,binary,auc,9,0.001,5,5,0.25,0.01,1,250,255
0.6319102254428342,-1,binary,auc,9,0.001,5,5,0.25,0.01,1,250,500
0.8652777777777776,-1,binary,auc,9,0.001,5,5,0.25,0.01,5,0,100
0.8652777777777776,-1,binary,auc,9,0.001,5,5,0.25,0.01,5,0,255
0.8652777777777776,-1,binary,auc,9,0.001,5,5,0.25,0.01,5,0,500
0.785499194847021,-1,binary,auc,9,0.001,5,5,0.25,0.01,5,50,100
0.785499194847021,-1,binary,auc,9,0.001,5,5,0.25,0.01,5,50,255
0.785499194847021,-1,binary,auc,9,0.001,5,5,0.25,0.01,5,50,500
0.7219454508856683,-1,binary,auc,9,0.001,5,5,0.25,0.01,5,100,100
0.7219454508856683,-1,binary,auc,9,0.001,5,5,0.25,0.01,5,100,255
0.7219454508856683,-1,binary,auc,9,0.001,5,5,0.25,0.01,5,100,500
0.5793729871175524,-1,binary,auc,9,0.001,5,5,0.25,0.01,5,250,100
0.5793729871175524,-1,binary,auc,9,0.001,5,5,0.25,0.01,5,250,255
0.5793729871175524,-1,binary,auc,9,0.001,5,5,0.25,0.01,5,250,500
0.8189261272141707,-1,binary,auc,9,0.001,5,5,0.25,0.01,25,0,100
0.8189261272141707,-1,binary,auc,9,0.001,5,5,0.25,0.01,25,0,255
0.8189261272141707,-1,binary,auc,9,0.001,5,5,0.25,0.01,25,0,500
0.7439049919484703,-1,binary,auc,9,0.001,5,5,0.25,0.01,25,50,100
0.7439049919484703,-1,binary,auc,9,0.001,5,5,0.25,0.01,25,50,255
0.7439049919484703,-1,binary,auc,9,0.001,5,5,0.25,0.01,25,50,500
0.6743639291465379,-1,binary,auc,9,0.001,5,5,0.25,0.01,25,100,100
0.6743639291465379,-1,binary,auc,9,0.001,5,5,0.25,0.01,25,100,255
0.6743639291465379,-1,binary,auc,9,0.001,5,5,0.25,0.01,25,100,500
0.533707729468599,-1,binary,auc,9,0.001,5,5,0.25,0.01,25,250,100
0.533707729468599,-1,binary,auc,9,0.001,5,5,0.25,0.01,25,250,255
0.533707729468599,-1,binary,auc,9,0.001,5,5,0.25,0.01,25,250,500
0.8894323671497585,-1,binary,auc,9,0.001,5,5,0.25,1,0.0,0,100
0.8894323671497585,-1,binary,auc,9,0.001,5,5,0.25,1,0.0,0,255
0.8894323671497585,-1,binary,auc,9,0.001,5,5,0.25,1,0.0,0,500
0.8215760869565216,-1,binary,auc,9,0.001,5,5,0.25,1,0.0,50,100
0.8215760869565216,-1,binary,auc,9,0.001,5,5,0.25,1,0.0,50,255
0.8215760869565216,-1,binary,auc,9,0.001,5,5,0.25,1,0.0,50,500
0.7714563204508857,-1,binary,auc,9,0.001,5,5,0.25,1,0.0,100,100
0.7714563204508857,-1,binary,auc,9,0.001,5,5,0.25,1,0.0,100,255
0.7714563204508857,-1,binary,auc,9,0.001,5,5,0.25,1,0.0,100,500
0.6376952495974235,-1,binary,auc,9,0.001,5,5,0.25,1,0.0,250,100
0.6376952495974235,-1,binary,auc,9,0.001,5,5,0.25,1,0.0,250,255
0.6376952495974235,-1,binary,auc,9,0.001,5,5,0.25,1,0.0,250,500
0.8892713365539453,-1,binary,auc,9,0.001,5,5,0.25,1,0.01,0,100
0.8892713365539453,-1,binary,auc,9,0.001,5,5,0.25,1,0.01,0,255
0.8892713365539453,-1,binary,auc,9,0.001,5,5,0.25,1,0.01,0,500
0.8215197262479872,-1,binary,auc,9,0.001,5,5,0.25,1,0.01,50,100
0.8215197262479872,-1,binary,auc,9,0.001,5,5,0.25,1,0.01,50,255
0.8215197262479872,-1,binary,auc,9,0.001,5,5,0.25,1,0.01,50,500
0.7687409420289856,-1,binary,auc,9,0.001,5,5,0.25,1,0.01,100,100
0.7687409420289856,-1,binary,auc,9,0.001,5,5,0.25,1,0.01,100,255
0.7687409420289856,-1,binary,auc,9,0.001,5,5,0.25,1,0.01,100,500
0.6376952495974235,-1,binary,auc,9,0.001,5,5,0.25,1,0.01,250,100
0.6376952495974235,-1,binary,auc,9,0.001,5,5,0.25,1,0.01,250,255
0.6376952495974235,-1,binary,auc,9,0.001,5,5,0.25,1,0.01,250,500
0.880751811594203,-1,binary,auc,9,0.001,5,5,0.25,1,1,0,100
0.880751811594203,-1,binary,auc,9,0.001,5,5,0.25,1,1,0,255
0.880751811594203,-1,binary,auc,9,0.001,5,5,0.25,1,1,0,500
0.8073520531400966,-1,binary,auc,9,0.001,5,5,0.25,1,1,50,100
0.8073520531400966,-1,binary,auc,9,0.001,5,5,0.25,1,1,50,255
0.8073520531400966,-1,binary,auc,9,0.001,5,5,0.25,1,1,50,500
0.7307477858293076,-1,binary,auc,9,0.001,5,5,0.25,1,1,100,100
0.7307477858293076,-1,binary,auc,9,0.001,5,5,0.25,1,1,100,255
0.7307477858293076,-1,binary,auc,9,0.001,5,5,0.25,1,1,100,500
0.6318981481481482,-1,binary,auc,9,0.001,5,5,0.25,1,1,250,100
0.6318981481481482,-1,binary,auc,9,0.001,5,5,0.25,1,1,250,255
0.6318981481481482,-1,binary,auc,9,0.001,5,5,0.25,1,1,250,500
0.8594575281803543,-1,binary,auc,9,0.001,5,5,0.25,1,5,0,100
0.8594575281803543,-1,binary,auc,9,0.001,5,5,0.25,1,5,0,255
0.8594575281803543,-1,binary,auc,9,0.001,5,5,0.25,1,5,0,500
0.7854961755233495,-1,binary,auc,9,0.001,5,5,0.25,1,5,50,100
0.7854961755233495,-1,binary,auc,9,0.001,5,5,0.25,1,5,50,255
0.7854961755233495,-1,binary,auc,9,0.001,5,5,0.25,1,5,50,500
0.7142512077294686,-1,binary,auc,9,0.001,5,5,0.25,1,5,100,100
0.7142512077294686,-1,binary,auc,9,0.001,5,5,0.25,1,5,100,255
0.7142512077294686,-1,binary,auc,9,0.001,5,5,0.25,1,5,100,500
0.5793729871175524,-1,binary,auc,9,0.001,5,5,0.25,1,5,250,100
0.5793729871175524,-1,binary,auc,9,0.001,5,5,0.25,1,5,250,255
0.5793729871175524,-1,binary,auc,9,0.001,5,5,0.25,1,5,250,500
0.8161714975845411,-1,binary,auc,9,0.001,5,5,0.25,1,25,0,100
0.8161714975845411,-1,binary,auc,9,0.001,5,5,0.25,1,25,0,255
0.8161714975845411,-1,binary,auc,9,0.001,5,5,0.25,1,25,0,500
0.7404599436392915,-1,binary,auc,9,0.001,5,5,0.25,1,25,50,100
0.7404599436392915,-1,binary,auc,9,0.001,5,5,0.25,1,25,50,255
0.7404599436392915,-1,binary,auc,9,0.001,5,5,0.25,1,25,50,500
0.6735648148148148,-1,binary,auc,9,0.001,5,5,0.25,1,25,100,100
0.6735648148148148,-1,binary,auc,9,0.001,5,5,0.25,1,25,100,255
0.6735648148148148,-1,binary,auc,9,0.001,5,5,0.25,1,25,100,500
0.533707729468599,-1,binary,auc,9,0.001,5,5,0.25,1,25,250,100
0.533707729468599,-1,binary,auc,9,0.001,5,5,0.25,1,25,250,255
0.533707729468599,-1,binary,auc,9,0.001,5,5,0.25,1,25,250,500
0.8694524959742351,-1,binary,auc,9,0.001,5,5,0.25,5,0.0,0,100
0.8694524959742351,-1,binary,auc,9,0.001,5,5,0.25,5,0.0,0,255
0.8694524959742351,-1,binary,auc,9,0.001,5,5,0.25,5,0.0,0,500
0.7883665458937197,-1,binary,auc,9,0.001,5,5,0.25,5,0.0,50,100
0.7883665458937197,-1,binary,auc,9,0.001,5,5,0.25,5,0.0,50,255
0.7883665458937197,-1,binary,auc,9,0.001,5,5,0.25,5,0.0,50,500
0.7072202093397746,-1,binary,auc,9,0.001,5,5,0.25,5,0.0,100,100
0.7072202093397746,-1,binary,auc,9,0.001,5,5,0.25,5,0.0,100,255
0.7072202093397746,-1,binary,auc,9,0.001,5,5,0.25,5,0.0,100,500
0.6318981481481482,-1,binary,auc,9,0.001,5,5,0.25,5,0.0,250,100
0.6318981481481482,-1,binary,auc,9,0.001,5,5,0.25,5,0.0,250,255
0.6318981481481482,-1,binary,auc,9,0.001,5,5,0.25,5,0.0,250,500
0.8693558776167472,-1,binary,auc,9,0.001,5,5,0.25,5,0.01,0,100
0.8693558776167472,-1,binary,auc,9,0.001,5,5,0.25,5,0.01,0,255
0.8693558776167472,-1,binary,auc,9,0.001,5,5,0.25,5,0.01,0,500
0.7886262077294686,-1,binary,auc,9,0.001,5,5,0.25,5,0.01,50,100
0.7886262077294686,-1,binary,auc,9,0.001,5,5,0.25,5,0.01,50,255
0.7886262077294686,-1,binary,auc,9,0.001,5,5,0.25,5,0.01,50,500
0.7072222222222222,-1,binary,auc,9,0.001,5,5,0.25,5,0.01,100,100
0.7072222222222222,-1,binary,auc,9,0.001,5,5,0.25,5,0.01,100,255
0.7072222222222222,-1,binary,auc,9,0.001,5,5,0.25,5,0.01,100,500
0.6318981481481482,-1,binary,auc,9,0.001,5,5,0.25,5,0.01,250,100
0.6318981481481482,-1,binary,auc,9,0.001,5,5,0.25,5,0.01,250,255
0.6318981481481482,-1,binary,auc,9,0.001,5,5,0.25,5,0.01,250,500
0.8611211755233494,-1,binary,auc,9,0.001,5,5,0.25,5,1,0,100
0.861123188405797,-1,binary,auc,9,0.001,5,5,0.25,5,1,0,255
0.861123188405797,-1,binary,auc,9,0.001,5,5,0.25,5,1,0,500
0.787595611916264,-1,binary,auc,9,0.001,5,5,0.25,5,1,50,100
0.787595611916264,-1,binary,auc,9,0.001,5,5,0.25,5,1,50,255
0.787595611916264,-1,binary,auc,9,0.001,5,5,0.25,5,1,50,500
0.7067089371980677,-1,binary,auc,9,0.001,5,5,0.25,5,1,100,100
0.7067089371980677,-1,binary,auc,9,0.001,5,5,0.25,5,1,100,255
0.7067089371980677,-1,binary,auc,9,0.001,5,5,0.25,5,1,100,500
0.5813083735909823,-1,binary,auc,9,0.001,5,5,0.25,5,1,250,100
0.5813083735909823,-1,binary,auc,9,0.001,5,5,0.25,5,1,250,255
0.5813083735909823,-1,binary,auc,9,0.001,5,5,0.25,5,1,250,500
0.8421004428341384,-1,binary,auc,9,0.001,5,5,0.25,5,5,0,100
0.8420682367149759,-1,binary,auc,9,0.001,5,5,0.25,5,5,0,255
0.8420682367149759,-1,binary,auc,9,0.001,5,5,0.25,5,5,0,500
0.7826831723027377,-1,binary,auc,9,0.001,5,5,0.25,5,5,50,100
0.7826831723027377,-1,binary,auc,9,0.001,5,5,0.25,5,5,50,255
0.7826831723027377,-1,binary,auc,9,0.001,5,5,0.25,5,5,50,500
0.6937258454106281,-1,binary,auc,9,0.001,5,5,0.25,5,5,100,100
0.6937258454106281,-1,binary,auc,9,0.001,5,5,0.25,5,5,100,255
0.6937258454106281,-1,binary,auc,9,0.001,5,5,0.25,5,5,100,500
0.579946658615137,-1,binary,auc,9,0.001,5,5,0.25,5,5,250,100
0.579946658615137,-1,binary,auc,9,0.001,5,5,0.25,5,5,250,255
0.579946658615137,-1,binary,auc,9,0.001,5,5,0.25,5,5,250,500
0.8046920289855073,-1,binary,auc,9,0.001,5,5,0.25,5,25,0,100
0.8046920289855073,-1,binary,auc,9,0.001,5,5,0.25,5,25,0,255
0.8046920289855073,-1,binary,auc,9,0.001,5,5,0.25,5,25,0,500
0.6955968196457327,-1,binary,auc,9,0.001,5,5,0.25,5,25,50,100
0.6955968196457327,-1,binary,auc,9,0.001,5,5,0.25,5,25,50,255
0.6955968196457327,-1,binary,auc,9,0.001,5,5,0.25,5,25,50,500
0.6570561594202899,-1,binary,auc,9,0.001,5,5,0.25,5,25,100,100
0.6570561594202899,-1,binary,auc,9,0.001,5,5,0.25,5,25,100,255
0.6570561594202899,-1,binary,auc,9,0.001,5,5,0.25,5,25,100,500
0.533707729468599,-1,binary,auc,9,0.001,5,5,0.25,5,25,250,100
0.533707729468599,-1,binary,auc,9,0.001,5,5,0.25,5,25,250,255
0.533707729468599,-1,binary,auc,9,0.001,5,5,0.25,5,25,250,500
0.7734530998389694,-1,binary,auc,9,0.001,5,5,0.25,25,0.0,0,100
0.7734369967793879,-1,binary,auc,9,0.001,5,5,0.25,25,0.0,0,255
0.7734369967793879,-1,binary,auc,9,0.001,5,5,0.25,25,0.0,0,500
0.6676761272141707,-1,binary,auc,9,0.001,5,5,0.25,25,0.0,50,100
0.6676761272141707,-1,binary,auc,9,0.001,5,5,0.25,25,0.0,50,255
0.6676761272141707,-1,binary,auc,9,0.001,5,5,0.25,25,0.0,50,500
0.6013878824476651,-1,binary,auc,9,0.001,5,5,0.25,25,0.0,100,100
0.6013878824476651,-1,binary,auc,9,0.001,5,5,0.25,25,0.0,100,255
0.6013878824476651,-1,binary,auc,9,0.001,5,5,0.25,25,0.0,100,500
0.533707729468599,-1,binary,auc,9,0.001,5,5,0.25,25,0.0,250,100
0.533707729468599,-1,binary,auc,9,0.001,5,5,0.25,25,0.0,250,255
0.533707729468599,-1,binary,auc,9,0.001,5,5,0.25,25,0.0,250,500
0.7733323268921095,-1,binary,auc,9,0.001,5,5,0.25,25,0.01,0,100
0.7733182367149758,-1,binary,auc,9,0.001,5,5,0.25,25,0.01,0,255
0.7733182367149758,-1,binary,auc,9,0.001,5,5,0.25,25,0.01,0,500
0.6676741143317231,-1,binary,auc,9,0.001,5,5,0.25,25,0.01,50,100
0.6676741143317231,-1,binary,auc,9,0.001,5,5,0.25,25,0.01,50,255
0.6676741143317231,-1,binary,auc,9,0.001,5,5,0.25,25,0.01,50,500
0.6013878824476651,-1,binary,auc,9,0.001,5,5,0.25,25,0.01,100,100
0.6013878824476651,-1,binary,auc,9,0.001,5,5,0.25,25,0.01,100,255
0.6013878824476651,-1,binary,auc,9,0.001,5,5,0.25,25,0.01,100,500
0.533707729468599,-1,binary,auc,9,0.001,5,5,0.25,25,0.01,250,100
0.533707729468599,-1,binary,auc,9,0.001,5,5,0.25,25,0.01,250,255
0.533707729468599,-1,binary,auc,9,0.001,5,5,0.25,25,0.01,250,500
0.7560225442834138,-1,binary,auc,9,0.001,5,5,0.25,25,1,0,100
0.7560386473429952,-1,binary,auc,9,0.001,5,5,0.25,25,1,0,255
0.7560386473429952,-1,binary,auc,9,0.001,5,5,0.25,25,1,0,500
0.6678150161030596,-1,binary,auc,9,0.001,5,5,0.25,25,1,50,100
0.6678150161030596,-1,binary,auc,9,0.001,5,5,0.25,25,1,50,255
0.6678150161030596,-1,binary,auc,9,0.001,5,5,0.25,25,1,50,500
0.6013878824476651,-1,binary,auc,9,0.001,5,5,0.25,25,1,100,100
0.6013878824476651,-1,binary,auc,9,0.001,5,5,0.25,25,1,100,255
0.6013878824476651,-1,binary,auc,9,0.001,5,5,0.25,25,1,100,500
0.533707729468599,-1,binary,auc,9,0.001,5,5,0.25,25,1,250,100
0.533707729468599,-1,binary,auc,9,0.001,5,5,0.25,25,1,250,255
0.533707729468599,-1,binary,auc,9,0.001,5,5,0.25,25,1,250,500
0.7478462157809983,-1,binary,auc,9,0.001,5,5,0.25,25,5,0,100
0.7478582930756844,-1,binary,auc,9,0.001,5,5,0.25,25,5,0,255
0.7478582930756844,-1,binary,auc,9,0.001,5,5,0.25,25,5,0,500
0.6651036634460548,-1,binary,auc,9,0.001,5,5,0.25,25,5,50,100
0.6651036634460548,-1,binary,auc,9,0.001,5,5,0.25,25,5,50,255
0.6651036634460548,-1,binary,auc,9,0.001,5,5,0.25,25,5,50,500
0.5836584138486313,-1,binary,auc,9,0.001,5,5,0.25,25,5,100,100
0.5836584138486313,-1,binary,auc,9,0.001,5,5,0.25,25,5,100,255
0.5836584138486313,-1,binary,auc,9,0.001,5,5,0.25,25,5,100,500
0.533707729468599,-1,binary,auc,9,0.001,5,5,0.25,25,5,250,100
0.533707729468599,-1,binary,auc,9,0.001,5,5,0.25,25,5,250,255
0.533707729468599,-1,binary,auc,9,0.001,5,5,0.25,25,5,250,500
0.8666545893719806,-1,binary,auc,9,0.001,5,5,0.1,0.0,0.0,0,100
0.8666545893719806,-1,binary,auc,9,0.001,5,5,0.1,0.0,0.0,0,255
0.8666545893719806,-1,binary,auc,9,0.001,5,5,0.1,0.0,0.0,0,500
0.7954045893719807,-1,binary,auc,9,0.001,5,5,0.1,0.0,0.0,50,100
0.7954045893719807,-1,binary,auc,9,0.001,5,5,0.1,0.0,0.0,50,255
0.7954045893719807,-1,binary,auc,9,0.001,5,5,0.1,0.0,0.0,50,500
0.7487499999999999,-1,binary,auc,9,0.001,5,5,0.1,0.0,0.0,100,100
0.7487499999999999,-1,binary,auc,9,0.001,5,5,0.1,0.0,0.0,100,255
0.7487499999999999,-1,binary,auc,9,0.001,5,5,0.1,0.0,0.0,100,500
0.6373540660225442,-1,binary,auc,9,0.001,5,5,0.1,0.0,0.0,250,100
0.6373540660225442,-1,binary,auc,9,0.001,5,5,0.1,0.0,0.0,250,255
0.6373540660225442,-1,binary,auc,9,0.001,5,5,0.1,0.0,0.0,250,500
0.8662983091787438,-1,binary,auc,9,0.001,5,5,0.1,0.0,0.01,0,100
0.8662983091787438,-1,binary,auc,9,0.001,5,5,0.1,0.0,0.01,0,255
0.8666545893719806,-1,binary,auc,9,0.001,5,5,0.1,0.0,0.0,0,100
0.8666545893719806,-1,binary,auc,9,0.001,5,5,0.1,0.0,0.0,0,255
0.8666545893719806,-1,binary,auc,9,0.001,5,5,0.1,0.0,0.0,0,500
0.7954045893719807,-1,binary,auc,9,0.001,5,5,0.1,0.0,0.0,50,100
0.7954045893719807,-1,binary,auc,9,0.001,5,5,0.1,0.0,0.0,50,255
0.7954045893719807,-1,binary,auc,9,0.001,5,5,0.1,0.0,0.0,50,500
0.7487499999999999,-1,binary,auc,9,0.001,5,5,0.1,0.0,0.0,100,100
0.7487499999999999,-1,binary,auc,9,0.001,5,5,0.1,0.0,0.0,100,255
0.7487499999999999,-1,binary,auc,9,0.001,5,5,0.1,0.0,0.0,100,500
0.6373540660225442,-1,binary,auc,9,0.001,5,5,0.1,0.0,0.0,250,100
0.8666545893719806,-1,binary,auc,9,0.001,5,5,0.1,0.0,0.0,0,100
0.8666545893719806,-1,binary,auc,9,0.001,5,5,0.1,0.0,0.0,0,255
0.8666545893719806,-1,binary,auc,9,0.001,5,5,0.1,0.0,0.0,0,500
0.7954045893719807,-1,binary,auc,9,0.001,5,5,0.1,0.0,0.0,50,100
0.7954045893719807,-1,binary,auc,9,0.001,5,5,0.1,0.0,0.0,50,255
0.7954045893719807,-1,binary,auc,9,0.001,5,5,0.1,0.0,0.0,50,500
0.7487499999999999,-1,binary,auc,9,0.001,5,5,0.1,0.0,0.0,100,100
0.7487499999999999,-1,binary,auc,9,0.001,5,5,0.1,0.0,0.0,100,255
0.7487499999999999,-1,binary,auc,9,0.001,5,5,0.1,0.0,0.0,100,500
0.6373540660225442,-1,binary,auc,9,0.001,5,5,0.1,0.0,0.0,250,100
0.6373540660225442,-1,binary,auc,9,0.001,5,5,0.1,0.0,0.0,250,255
0.6373540660225442,-1,binary,auc,9,0.001,5,5,0.1,0.0,0.0,250,500
0.8662983091787438,-1,binary,auc,9,0.001,5,5,0.1,0.0,0.01,0,100
0.8662983091787438,-1,binary,auc,9,0.001,5,5,0.1,0.0,0.01,0,255