auc,depth,iterations,learning_rate,l2_leaf_reg,scale_pos_weight,verbose
0.8276459339774557,3,10,0.001,0,1,True
0.8406934380032207,3,10,0.001,0,10,True
0.7568357487922706,3,10,0.001,0,100,True
0.8332910628019323,3,10,0.001,1,1,True
0.8451690821256038,3,10,0.001,1,10,True
0.7416153381642511,3,10,0.001,1,100,True
0.8340619967793881,3,10,0.001,2,1,True
0.8459963768115941,3,10,0.001,2,10,True
0.740871578099839,3,10,0.001,2,100,True
0.8338506441223833,3,10,0.001,3,1,True
0.8495903784219001,3,10,0.001,3,10,True
0.7410547504025765,3,10,0.001,3,100,True
0.8340458937198069,3,10,0.001,5,1,True
0.8463778180354267,3,10,0.001,5,10,True
0.7405696457326891,3,10,0.001,5,100,True
0.8340619967793882,3,10,0.001,10,1,True
0.846448268921095,3,10,0.001,10,10,True
0.7376227858293076,3,10,0.001,10,100,True
0.8328854669887278,3,10,0.001,25,1,True
0.8545450885668278,3,10,0.001,25,10,True
0.7313687600644122,3,10,0.001,25,100,True
0.8280998389694042,3,10,0.01,0,1,True
0.8425140901771337,3,10,0.01,0,10,True
0.7763627214170692,3,10,0.01,0,100,True
0.8326610305958132,3,10,0.01,1,1,True
0.845360305958132,3,10,0.01,1,10,True
0.7391555958132046,3,10,0.01,1,100,True
0.8347101449275363,3,10,0.01,2,1,True
0.8436080917874398,3,10,0.01,2,10,True
0.7411352657004829,3,10,0.01,2,100,True
0.8344907407407407,3,10,0.01,3,1,True
0.8501308373590983,3,10,0.01,3,10,True
0.7414734299516909,3,10,0.01,3,100,True
0.8346296296296296,3,10,0.01,5,1,True
0.8496286231884058,3,10,0.01,5,10,True
0.7410245571658614,3,10,0.01,5,100,True
0.8349335748792269,3,10,0.01,10,1,True
0.8513214573268921,3,10,0.01,10,10,True
0.7387942834138486,3,10,0.01,10,100,True
0.8331572061191627,3,10,0.01,25,1,True
0.8522916666666667,3,10,0.01,25,10,True
0.7366183574879227,3,10,0.01,25,100,True
0.8635919887278584,3,10,0.1,0,1,True
0.8636825684380032,3,10,0.1,0,10,True
0.7517230273752014,3,10,0.1,0,100,True
0.861712962962963,3,10,0.1,1,1,True
0.8710295893719806,3,10,0.1,1,10,True
0.7799808776167472,3,10,0.1,1,100,True
0.8639392109500805,3,10,0.1,2,1,True
0.8706823671497586,3,10,0.1,2,10,True
0.7714824879227054,3,10,0.1,2,100,True
0.8639633655394524,3,10,0.1,3,1,True
0.8689160628019323,3,10,0.1,3,10,True
0.7706290257648952,3,10,0.1,3,100,True
0.8638959339774557,3,10,0.1,5,1,True
0.8701650563607085,3,10,0.1,5,10,True
0.7704700080515299,3,10,0.1,5,100,True
0.8632618760064412,3,10,0.1,10,1,True
0.8702415458937198,3,10,0.1,10,10,True
0.7678995571658616,3,10,0.1,10,100,True
0.8606803542673109,3,10,0.1,25,1,True
0.8698047504025765,3,10,0.1,25,10,True
0.764278381642512,3,10,0.1,25,100,True
0.8736564009661836,3,10,0.5,0,1,True
0.844043880837359,3,10,0.5,0,10,True
0.7947051127214171,3,10,0.5,0,100,True
0.8913969404186795,3,10,0.5,1,1,True
0.8807669082125603,3,10,0.5,1,10,True
0.8156018518518519,3,10,0.5,1,100,True
0.8861241948470209,3,10,0.5,2,1,True
0.8758574879227052,3,10,0.5,2,10,True
0.8203019323671497,3,10,0.5,2,100,True
0.8944655797101448,3,10,0.5,3,1,True
0.8771024557165861,3,10,0.5,3,10,True
0.8124043880837359,3,10,0.5,3,100,True
0.8949446457326893,3,10,0.5,5,1,True
0.8799688003220612,3,10,0.5,5,10,True
0.8144444444444444,3,10,0.5,5,100,True
0.8904840982286635,3,10,0.5,10,1,True
0.8835416666666667,3,10,0.5,10,10,True
0.8146819645732688,3,10,0.5,10,100,True
0.883155193236715,3,10,0.5,25,1,True
0.8838778180354268,3,10,0.5,25,10,True
0.8063506441223832,3,10,0.5,25,100,True
0.8489895330112721,3,50,0.001,0,1,True
0.8675905797101449,3,50,0.001,0,10,True
0.7505293880837358,3,50,0.001,0,100,True
0.8514371980676328,3,50,0.001,1,1,True
0.8617532206119163,3,50,0.001,1,10,True
0.7626449275362318,3,50,0.001,1,100,True
0.8419303542673109,3,50,0.001,2,1,True
0.8574436392914655,3,50,0.001,2,10,True
0.758803341384863,3,50,0.001,2,100,True
0.8426610305958132,3,50,0.001,3,1,True
0.8564975845410628,3,50,0.001,3,10,True
0.7580485104669887,3,50,0.001,3,100,True
0.8408665458937199,3,50,0.001,5,1,True
0.8549506843800323,3,50,0.001,5,10,True
0.7565831320450885,3,50,0.001,5,100,True
0.8377667069243155,3,50,0.001,10,1,True
0.8539995974235104,3,50,0.001,10,10,True
0.7532779790660226,3,50,0.001,10,100,True
0.8329539049919484,3,50,0.001,25,1,True
0.854639694041868,3,50,0.001,25,10,True
0.7469384057971016,3,50,0.001,25,100,True
0.8644887278582931,3,50,0.01,0,1,True
0.8699285426731079,3,50,0.01,0,10,True
0.7708454106280194,3,50,0.01,0,100,True
0.8524587359098229,3,50,0.01,1,1,True
0.8645148953301127,3,50,0.01,1,10,True
0.7733695652173913,3,50,0.01,1,100,True
0.8567542270531401,3,50,0.01,2,1,True
0.8644585346215782,3,50,0.01,2,10,True
0.7670159017713365,3,50,0.01,2,100,True
0.8545249597423511,3,50,0.01,3,1,True
0.8668900966183575,3,50,0.01,3,10,True
0.7683071658615137,3,50,0.01,3,100,True
0.8538858695652174,3,50,0.01,5,1,True
0.8637832125603865,3,50,0.01,5,10,True
0.7672101449275363,3,50,0.01,5,100,True
0.8506894122383253,3,50,0.01,10,1,True
0.8636453301127215,3,50,0.01,10,10,True
0.7623389694041868,3,50,0.01,10,100,True
0.8455746779388084,3,50,0.01,25,1,True
0.8623611111111111,3,50,0.01,25,10,True
0.7548580917874397,3,50,0.01,25,100,True
0.8779589371980676,3,50,0.1,0,1,True
0.8825422705314009,3,50,0.1,0,10,True
0.8019806763285025,3,50,0.1,0,100,True
0.8910748792270531,3,50,0.1,1,1,True
0.894471618357488,3,50,0.1,1,10,True
0.8488254830917874,3,50,0.1,1,100,True
0.8928039452495975,3,50,0.1,2,1,True
0.8897051127214172,3,50,0.1,2,10,True
0.8440358293075685,3,50,0.1,2,100,True
0.8932155797101449,3,50,0.1,3,1,True
0.894405193236715,3,50,0.1,3,10,True
0.8447383252818036,3,50,0.1,3,100,True
0.8962852254428342,3,50,0.1,5,1,True
0.8917089371980675,3,50,0.1,5,10,True
0.8428623188405797,3,50,0.1,5,100,True
0.8936221819645731,3,50,0.1,10,1,True
0.8923087761674718,3,50,0.1,10,10,True
0.8433182367149759,3,50,0.1,10,100,True
0.8929911433172304,3,50,0.1,25,1,True
0.8922574476650564,3,50,0.1,25,10,True
0.8452797906602254,3,50,0.1,25,100,True
0.8126398953301126,3,50,0.5,0,1,True
0.7919202898550723,3,50,0.5,0,10,True
0.7035748792270531,3,50,0.5,0,100,True
0.8734400161030595,3,50,0.5,1,1,True
0.8526167471819646,3,50,0.5,1,10,True
0.8287268518518518,3,50,0.5,1,100,True
0.8709681964573268,3,50,0.5,2,1,True
0.8655404589371981,3,50,0.5,2,10,True
0.8365942028985508,3,50,0.5,2,100,True
0.8752334943639293,3,50,0.5,3,1,True
0.8596004428341385,3,50,0.5,3,10,True
0.8448510466988728,3,50,0.5,3,100,True
0.8803613123993558,3,50,0.5,5,1,True
0.8663023349436394,3,50,0.5,5,10,True
0.8479096215780999,3,50,0.5,5,100,True
0.8878311191626409,3,50,0.5,10,1,True
0.8822514090177134,3,50,0.5,10,10,True
0.8506763285024155,3,50,0.5,10,100,True
0.8887791867954911,3,50,0.5,25,1,True
0.880240539452496,3,50,0.5,25,10,True
0.8533212560386474,3,50,0.5,25,100,True
0.8552415458937199,3,100,0.001,0,1,True
0.8680515297906601,3,100,0.001,0,10,True
0.7600150966183574,3,100,0.001,0,100,True
0.8470662238325282,3,100,0.001,1,1,True
0.8660054347826087,3,100,0.001,1,10,True
0.7801429146537842,3,100,0.001,1,100,True
0.8461382850241546,3,100,0.001,2,1,True
0.85795692431562,3,100,0.001,2,10,True
0.7760809178743961,3,100,0.001,2,100,True
0.8376952495974235,3,100,0.001,3,1,True
0.859266304347826,3,100,0.001,3,10,True
0.7751368760064412,3,100,0.001,3,100,True
0.8370994363929147,3,100,0.001,5,1,True
0.8576559983896939,3,100,0.001,5,10,True
0.7736392914653784,3,100,0.001,5,100,True
0.8347463768115941,3,100,0.001,10,1,True
0.8563747987117551,3,100,0.001,10,10,True
0.7711151368760064,3,100,0.001,10,100,True
0.8300231481481481,3,100,0.001,25,1,True
0.8578884863123993,3,100,0.001,25,10,True
0.7642914653784219,3,100,0.001,25,100,True
0.8755827294685992,3,100,0.01,0,1,True
0.8767039049919485,3,100,0.01,0,10,True
0.8029961755233495,3,100,0.01,0,100,True
0.874032809983897,3,100,0.01,1,1,True
0.8788566827697264,3,100,0.01,1,10,True
0.795678341384863,3,100,0.01,1,100,True
0.8727908615136877,3,100,0.01,2,1,True
0.8755032206119162,3,100,0.01,2,10,True
0.7937188003220612,3,100,0.01,2,100,True
0.8722383252818036,3,100,0.01,3,1,True
0.8759571256038647,3,100,0.01,3,10,True
0.7916153381642511,3,100,0.01,3,100,True
0.8706642512077294,3,100,0.01,5,1,True
0.8743750000000001,3,100,0.01,5,10,True
0.7901097020933977,3,100,0.01,5,100,True
0.8681078904991948,3,100,0.01,10,1,True
0.8751761272141706,3,100,0.01,10,10,True
0.7869575281803542,3,100,0.01,10,100,True
0.8661171497584541,3,100,0.01,25,1,True
0.8744414251207728,3,100,0.01,25,10,True
0.7832648953301127,3,100,0.01,25,100,True
0.8666394927536232,3,100,0.1,0,1,True
0.8737067230273752,3,100,0.1,0,10,True
0.7894343800322061,3,100,0.1,0,100,True
0.8940529388083736,3,100,0.1,1,1,True
0.8905797101449275,3,100,0.1,1,10,True
0.8441495571658616,3,100,0.1,1,100,True
0.8936684782608696,3,100,0.1,2,1,True
0.8907528180354267,3,100,0.1,2,10,True
0.8389915458937198,3,100,0.1,2,100,True
0.8915106682769727,3,100,0.1,3,1,True
0.8915448872785829,3,100,0.1,3,10,True
0.8401841787439612,3,100,0.1,3,100,True
0.8955988325281803,3,100,0.1,5,1,True
0.8911533816425121,3,100,0.1,5,10,True
0.8473641304347825,3,100,0.1,5,100,True
0.894873188405797,3,100,0.1,10,1,True
0.8918588969404189,3,100,0.1,10,10,True
0.8490740740740741,3,100,0.1,10,100,True
0.8947886473429951,3,100,0.1,25,1,True
0.894411231884058,3,100,0.1,25,10,True
0.8612983091787441,3,100,0.1,25,100,True
0.7985748792270532,3,100,0.5,0,1,True
0.7639925523349437,3,100,0.5,0,10,True
0.6572685185185185,3,100,0.5,0,100,True
0.8658665458937198,3,100,0.5,1,1,True
0.8469333735909823,3,100,0.5,1,10,True
0.8258283011272143,3,100,0.5,1,100,True
0.8551781400966184,3,100,0.5,2,1,True
0.8578985507246377,3,100,0.5,2,10,True
0.8315801127214172,3,100,0.5,2,100,True
0.8710215378421899,3,100,0.5,3,1,True
0.8544756441223832,3,100,0.5,3,10,True
0.8410004025764894,3,100,0.5,3,100,True
0.8694816827697263,3,100,0.5,5,1,True
0.8601912238325282,3,100,0.5,5,10,True
0.8477083333333333,3,100,0.5,5,100,True
0.884993961352657,3,100,0.5,10,1,True
0.8718478260869564,3,100,0.5,10,10,True
0.8534692028985508,3,100,0.5,10,100,True
0.8903683574879228,3,100,0.5,25,1,True
0.8753210547504024,3,100,0.5,25,10,True
0.8591807568438004,3,100,0.5,25,100,True
0.862566425120773,3,250,0.001,0,1,True
0.8683977455716586,3,250,0.001,0,10,True
0.7941505636070852,3,250,0.001,0,100,True
0.8599969806763286,3,250,0.001,1,1,True
0.8648902979066022,3,250,0.001,1,10,True
0.792548309178744,3,250,0.001,1,100,True
0.8523943236714977,3,250,0.001,2,1,True
0.8631682769726248,3,250,0.001,2,10,True
0.7904589371980675,3,250,0.001,2,100,True
0.8519394122383253,3,250,0.001,3,1,True
0.8634500805152979,3,250,0.001,3,10,True
0.7865338164251208,3,250,0.001,3,100,True
0.8520179146537843,3,250,0.001,5,1,True
0.8620632045088565,3,250,0.001,5,10,True
0.7855213365539452,3,250,0.001,5,100,True
0.8493126006441224,3,250,0.001,10,1,True
0.860143921095008,3,250,0.001,10,10,True
0.7831924315619968,3,250,0.001,10,100,True
0.8427868357487923,3,250,0.001,25,1,True
0.8606743156199679,3,250,0.001,25,10,True
0.777463768115942,3,250,0.001,25,100,True
0.8928482286634462,3,250,0.01,0,1,True
0.8852314814814816,3,250,0.01,0,10,True
0.8182528180354267,3,250,0.01,0,100,True
0.8885366344605474,3,250,0.01,1,1,True
0.8877385265700481,3,250,0.01,1,10,True
0.833605072463768,3,250,0.01,1,100,True
0.8907004830917874,3,250,0.01,2,1,True
0.8865952093397745,3,250,0.01,2,10,True
0.829043880837359,3,250,0.01,2,100,True
0.8914704106280193,3,250,0.01,3,1,True
0.886999798711755,3,250,0.01,3,10,True
0.8305505233494364,3,250,0.01,3,100,True
0.8907518115942029,3,250,0.01,5,1,True
0.8865710547504027,3,250,0.01,5,10,True
0.8293800322061192,3,250,0.01,5,100,True
0.890762882447665,3,250,0.01,10,1,True
0.8861906199677939,3,250,0.01,10,10,True
0.8280082528180354,3,250,0.01,10,100,True
0.8881300322061192,3,250,0.01,25,1,True
0.8851117149758454,3,250,0.01,25,10,True
0.8255545491143317,3,250,0.01,25,100,True
0.8652556360708534,3,250,0.1,0,1,True
0.8506048711755232,3,250,0.1,0,10,True
0.7706028582930757,3,250,0.1,0,100,True
0.8897705314009663,3,250,0.1,1,1,True
0.876652576489533,3,250,0.1,1,10,True
0.8220471014492754,3,250,0.1,1,100,True
0.8859601449275363,3,250,0.1,2,1,True
0.8809953703703703,3,250,0.1,2,10,True
0.8315368357487923,3,250,0.1,2,100,True
0.886471417069243,3,250,0.1,3,1,True
0.8818176328502415,3,250,0.1,3,10,True
0.8385336151368761,3,250,0.1,3,100,True
0.8916918276972624,3,250,0.1,5,1,True
0.8836574074074074,3,250,0.1,5,10,True
0.838779186795491,3,250,0.1,5,100,True
0.8897896537842189,3,250,0.1,10,1,True
0.8832548309178744,3,250,0.1,10,10,True
0.8386855877616746,3,250,0.1,10,100,True
0.8990187198067632,3,250,0.1,25,1,True
0.890360305958132,3,250,0.1,25,10,True
0.857186996779388,3,250,0.1,25,100,True
0.8092773752012883,3,250,0.5,0,1,True
0.7754418276972624,3,250,0.5,0,10,True
0.6663496376811593,3,250,0.5,0,100,True
0.8498842592592593,3,250,0.5,1,1,True
0.8428130032206119,3,250,0.5,1,10,True
0.8282347020933978,3,250,0.5,1,100,True
0.850318035426731,3,250,0.5,2,1,True
0.8518840579710145,3,250,0.5,2,10,True
0.8212298711755233,3,250,0.5,2,100,True
0.8603401771336554,3,250,0.5,3,1,True
0.8477485909822866,3,250,0.5,3,10,True
0.8305917874396135,3,250,0.5,3,100,True
0.8636564009661836,3,250,0.5,5,1,True
0.8518427938808374,3,250,0.5,5,10,True
0.8416867954911433,3,250,0.5,5,100,True
0.8819142512077294,3,250,0.5,10,1,True
0.8647574476650564,3,250,0.5,10,10,True
0.8381884057971014,3,250,0.5,10,100,True
0.8877868357487924,3,250,0.5,25,1,True
0.8670712560386473,3,250,0.5,25,10,True
0.8552133655394525,3,250,0.5,25,100,True
0.8818830515297907,3,1000,0.001,0,1,True
0.8780605877616747,3,1000,0.001,0,10,True
0.8067743558776168,3,1000,0.001,0,100,True
0.8781612318840579,3,1000,0.001,1,1,True
0.8778884863123994,3,1000,0.001,1,10,True
0.808220611916264,3,1000,0.001,1,100,True
0.8757135668276972,3,1000,0.001,2,1,True
0.8770320048309179,3,1000,0.001,2,10,True
0.8077475845410627,3,1000,0.001,2,100,True
0.8748389694041867,3,1000,0.001,3,1,True
0.8770269726247986,3,1000,0.001,3,10,True
0.8054770531400967,3,1000,0.001,3,100,True
0.8730847423510466,3,1000,0.001,5,1,True
0.876820652173913,3,1000,0.001,5,10,True
0.8048148148148148,3,1000,0.001,5,100,True
0.8723943236714977,3,1000,0.001,10,1,True
0.8762832125603865,3,1000,0.001,10,10,True
0.8028824476650563,3,1000,0.001,10,100,True
0.8691012479871175,3,1000,0.001,25,1,True
0.8742200080515298,3,1000,0.001,25,10,True
0.798756038647343,3,1000,0.001,25,100,True
0.8926831723027374,3,1000,0.01,0,1,True
0.8768780193236716,3,1000,0.01,0,10,True
0.8081994766505637,3,1000,0.01,0,100,True
0.8940801127214171,3,1000,0.01,1,1,True
0.8913627214170692,3,1000,0.01,1,10,True
0.8448651368760065,3,1000,0.01,1,100,True
0.8942773752012882,3,1000,0.01,2,1,True
0.8919464573268922,3,1000,0.01,2,10,True
0.8469424315619968,3,1000,0.01,2,100,True
0.8941062801932367,3,1000,0.01,3,1,True
0.8927113526570049,3,1000,0.01,3,10,True
0.8461111111111113,3,1000,0.01,3,100,True
0.8947725442834139,3,1000,0.01,5,1,True
0.8931843800322061,3,1000,0.01,5,10,True
0.8452173913043479,3,1000,0.01,5,100,True
0.8953703703703704,3,1000,0.01,10,1,True
0.8943377616747181,3,1000,0.01,10,10,True
0.8535607890499195,3,1000,0.01,10,100,True
0.8973208534621577,3,1000,0.01,25,1,True
0.8945893719806763,3,1000,0.01,25,10,True
0.8610768921095008,3,1000,0.01,25,100,True
0.8335205314009663,3,1000,0.1,0,1,True
0.8250714573268921,3,1000,0.1,0,10,True
0.7482407407407407,3,1000,0.1,0,100,True
0.8695652173913044,3,1000,0.1,1,1,True
0.8549154589371981,3,1000,0.1,1,10,True
0.8079126409017714,3,1000,0.1,1,100,True
0.8686886070853462,3,1000,0.1,2,1,True
0.8572554347826087,3,1000,0.1,2,10,True
0.8185356280193237,3,1000,0.1,2,100,True
0.8715650161030597,3,1000,0.1,3,1,True
0.8578472222222222,3,1000,0.1,3,10,True
0.8189291465378421,3,1000,0.1,3,100,True
0.879037842190016,3,1000,0.1,5,1,True
0.8569977858293077,3,1000,0.1,5,10,True
0.8265650161030595,3,1000,0.1,5,100,True
0.8822816022544284,3,1000,0.1,10,1,True
0.8649134460547504,3,1000,0.1,10,10,True
0.8393458132045089,3,1000,0.1,10,100,True
0.8895571658615136,3,1000,0.1,25,1,True
0.8777979066022545,3,1000,0.1,25,10,True
0.8539875201288244,3,1000,0.1,25,100,True
0.8131934380032206,3,1000,0.5,0,1,True
0.786158413848631,3,1000,0.5,0,10,True
0.6684993961352657,3,1000,0.5,0,100,True
0.8513345410628019,3,1000,0.5,1,1,True
0.8455746779388084,3,1000,0.5,1,10,True
0.8204498792270531,3,1000,0.5,1,100,True
0.8337872383252818,3,1000,0.5,2,1,True
0.8497423510466988,3,1000,0.5,2,10,True
0.8215076489533011,3,1000,0.5,2,100,True
0.8443045491143317,3,1000,0.5,3,1,True
0.84881038647343,3,1000,0.5,3,10,True
0.8294343800322062,3,1000,0.5,3,100,True
0.845637077294686,3,1000,0.5,5,1,True
0.8494082125603866,3,1000,0.5,5,10,True
0.838280998389694,3,1000,0.5,5,100,True
0.8666938405797101,3,1000,0.5,10,1,True
0.8568015297906603,3,1000,0.5,10,10,True
0.8403623188405797,3,1000,0.5,10,100,True
0.8720400563607085,3,1000,0.5,25,1,True
0.8574174718196457,3,1000,0.5,25,10,True
0.8520128824476649,3,1000,0.5,25,100,True
0.8281099033816425,5,10,0.001,0,1,True
0.8717109500805152,5,10,0.001,0,10,True
0.7216847826086956,5,10,0.001,0,100,True
0.8384842995169082,5,10,0.001,1,1,True
0.8756159420289854,5,10,0.001,1,10,True
0.7411503623188407,5,10,0.001,1,100,True
0.8368065619967793,5,10,0.001,2,1,True
0.8752878421900161,5,10,0.001,2,10,True
0.7436382850241547,5,10,0.001,2,100,True
0.836262077294686,5,10,0.001,3,1,True
0.8751831723027376,5,10,0.001,3,10,True
0.744050925925926,5,10,0.001,3,100,True
0.8370460950080516,5,10,0.001,5,1,True
0.875,5,10,0.001,5,10,True
0.7448178341384863,5,10,0.001,5,100,True
0.8395722624798712,5,10,0.001,10,1,True
0.8734118357487923,5,10,0.001,10,10,True
0.7419816827697263,5,10,0.001,10,100,True
0.8269907407407407,5,10,0.001,25,1,True
0.8685909822866344,5,10,0.001,25,10,True
0.7303452093397745,5,10,0.001,25,100,True
0.8337852254428341,5,10,0.01,0,1,True
0.8720038244766504,5,10,0.01,0,10,True
0.7061644524959743,5,10,0.01,0,100,True
0.8506884057971015,5,10,0.01,1,1,True
0.8766354669887277,5,10,0.01,1,10,True
0.7471074879227053,5,10,0.01,1,100,True
0.8473611111111112,5,10,0.01,2,1,True
0.876124194847021,5,10,0.01,2,10,True
0.7467089371980677,5,10,0.01,2,100,True
0.847079307568438,5,10,0.01,3,1,True
0.8753713768115942,5,10,0.01,3,10,True
0.747530193236715,5,10,0.01,3,100,True
0.8539533011272142,5,10,0.01,5,1,True
0.874729267310789,5,10,0.01,5,10,True
0.7474355877616747,5,10,0.01,5,100,True
0.8513103864734299,5,10,0.01,10,1,True
0.8732095410628018,5,10,0.01,10,10,True
0.7457608695652174,5,10,0.01,10,100,True
0.8268397745571658,5,10,0.01,25,1,True
0.8689955716586151,5,10,0.01,25,10,True
0.7329659822866346,5,10,0.01,25,100,True
0.8628381642512075,5,10,0.1,0,1,True
0.8705495169082127,5,10,0.1,0,10,True
0.7593659420289856,5,10,0.1,0,100,True
0.8731219806763285,5,10,0.1,1,1,True
0.8870360305958132,5,10,0.1,1,10,True
0.7538013285024154,5,10,0.1,1,100,True
0.8764080112721416,5,10,0.1,2,1,True
0.886737117552335,5,10,0.1,2,10,True
0.756868961352657,5,10,0.1,2,100,True
0.878887882447665,5,10,0.1,3,1,True
0.886274154589372,5,10,0.1,3,10,True
0.7582880434782608,5,10,0.1,3,100,True
0.8792169887278583,5,10,0.1,5,1,True
0.8860004025764896,5,10,0.1,5,10,True
0.7592582528180354,5,10,0.1,5,100,True
0.878106884057971,5,10,0.1,10,1,True
0.8830183172302738,5,10,0.1,10,10,True
0.7565750805152979,5,10,0.1,10,100,True
0.8721245974235106,5,10,0.1,25,1,True
0.8855545491143317,5,10,0.1,25,10,True
0.751010466988728,5,10,0.1,25,100,True
0.8452546296296297,5,10,0.5,0,1,True
0.8259943639291465,5,10,0.5,0,10,True
0.7441425120772948,5,10,0.5,0,100,True
0.8761916264090177,5,10,0.5,1,1,True
0.8748601046698872,5,10,0.5,1,10,True
0.8025815217391304,5,10,0.5,1,100,True
0.8803613123993559,5,10,0.5,2,1,True
0.8838214573268921,5,10,0.5,2,10,True
0.8146427133655394,5,10,0.5,2,100,True
0.8805716586151369,5,10,0.5,3,1,True
0.8828582930756844,5,10,0.5,3,10,True
0.8174194847020934,5,10,0.5,3,100,True
0.8813969404186794,5,10,0.5,5,1,True
0.8829066022544283,5,10,0.5,5,10,True
0.8118951288244767,5,10,0.5,5,100,True
0.8872735507246378,5,10,0.5,10,1,True
0.886550925925926,5,10,0.5,10,10,True
0.8149597423510466,5,10,0.5,10,100,True
0.8905283816425122,5,10,0.5,25,1,True
0.8871074879227053,5,10,0.5,25,10,True
0.804537037037037,5,10,0.5,25,100,True
0.8553009259259259,5,50,0.001,0,1,True
0.8809712157809984,5,50,0.001,0,10,True
0.7698329307568438,5,50,0.001,0,100,True
0.8598450080515299,5,50,0.001,1,1,True
0.876262077294686,5,50,0.001,1,10,True
0.7805746779388084,5,50,0.001,1,100,True
0.8591032608695652,5,50,0.001,2,1,True
0.8759712157809985,5,50,0.001,2,10,True
0.7804337761674718,5,50,0.001,2,100,True
0.8582497987117552,5,50,0.001,3,1,True
0.8754357890499195,5,50,0.001,3,10,True
0.7796225845410628,5,50,0.001,3,100,True
0.8579216988727859,5,50,0.001,5,1,True
0.874404186795491,5,50,0.001,5,10,True
0.7780485104669888,5,50,0.001,5,100,True
0.8595299919484702,5,50,0.001,10,1,True
0.8721296296296296,5,50,0.001,10,10,True
0.7745098631239936,5,50,0.001,10,100,True
0.8493518518518519,5,50,0.001,25,1,True
0.8716173510466989,5,50,0.001,25,10,True
0.7628411835748793,5,50,0.001,25,100,True
0.8625613929146538,5,50,0.01,0,1,True
0.8812661030595813,5,50,0.01,0,10,True
0.719007648953301,5,50,0.01,0,100,True
0.8767028985507247,5,50,0.01,1,1,True
0.8829730273752014,5,50,0.01,1,10,True
0.7873158212560386,5,50,0.01,1,100,True
0.8769051932367151,5,50,0.01,2,1,True
0.8817793880837358,5,50,0.01,2,10,True
0.7891566022544283,5,50,0.01,2,100,True
0.8762449677938808,5,50,0.01,3,1,True
0.8811906199677939,5,50,0.01,3,10,True
0.7885477053140096,5,50,0.01,3,100,True
0.8764533011272142,5,50,0.01,5,1,True
0.8806219806763284,5,50,0.01,5,10,True
0.7872594605475041,5,50,0.01,5,100,True
0.8735154991948471,5,50,0.01,10,1,True
0.8800724637681161,5,50,0.01,10,10,True
0.7835557568438004,5,50,0.01,10,100,True
0.8623983494363929,5,50,0.01,25,1,True
0.8778270933977456,5,50,0.01,25,10,True
0.7742562399355879,5,50,0.01,25,100,True
0.8844102254428341,5,50,0.1,0,1,True
0.8684329710144928,5,50,0.1,0,10,True
0.7999094202898551,5,50,0.1,0,100,True
0.8974144524959742,5,50,0.1,1,1,True
0.894212962962963,5,50,0.1,1,10,True
0.8354267310789049,5,50,0.1,1,100,True
0.8972735507246377,5,50,0.1,2,1,True
0.8950865539452497,5,50,0.1,2,10,True
0.8411916264090177,5,50,0.1,2,100,True
0.8975654186795491,5,50,0.1,3,1,True
0.896947463768116,5,50,0.1,3,10,True
0.8420954106280194,5,50,0.1,3,100,True
0.8978109903381641,5,50,0.1,5,1,True
0.8971950483091786,5,50,0.1,5,10,True
0.8493599033816426,5,50,0.1,5,100,True
0.8967753623188405,5,50,0.1,10,1,True
0.8952012882447666,5,50,0.1,10,10,True
0.850558574879227,5,50,0.1,10,100,True
0.8982125603864735,5,50,0.1,25,1,True
0.8952807971014491,5,50,0.1,25,10,True
0.8523852657004831,5,50,0.1,25,100,True
0.7804559178743962,5,50,0.5,0,1,True
0.7391213768115942,5,50,0.5,0,10,True
0.6920521336553944,5,50,0.5,0,100,True
0.8569867149758454,5,50,0.5,1,1,True
0.8453874798711756,5,50,0.5,1,10,True
0.8255696457326892,5,50,0.5,1,100,True
0.8669595410628019,5,50,0.5,2,1,True
0.8532699275362319,5,50,0.5,2,10,True
0.8385487117552335,5,50,0.5,2,100,True
0.8654840982286636,5,50,0.5,3,1,True
0.8504317632850241,5,50,0.5,3,10,True
0.827487922705314,5,50,0.5,3,100,True
0.876941425120773,5,50,0.5,5,1,True
0.8671145330112722,5,50,0.5,5,10,True
0.8394685990338163,5,50,0.5,5,100,True
0.8858856682769726,5,50,0.5,10,1,True
0.8679720209339774,5,50,0.5,10,10,True
0.8503371578099839,5,50,0.5,10,100,True
0.8900040257648953,5,50,0.5,25,1,True
0.8719877214170693,5,50,0.5,25,10,True
0.8721900161030596,5,50,0.5,25,100,True
0.8675724637681159,5,100,0.001,0,1,True
0.8787379227053139,5,100,0.001,0,10,True
0.7883212560386472,5,100,0.001,0,100,True
0.8672051127214171,5,100,0.001,1,1,True
0.8756733091787441,5,100,0.001,1,10,True
0.7869575281803542,5,100,0.001,1,100,True
0.8651147342995169,5,100,0.001,2,1,True
0.8756350644122383,5,100,0.001,2,10,True
0.7860557568438002,5,100,0.001,2,100,True
0.8643136070853462,5,100,0.001,3,1,True
0.8753150161030596,5,100,0.001,3,10,True
0.785186191626409,5,100,0.001,3,100,True
0.8631662640901772,5,100,0.001,5,1,True
0.874753421900161,5,100,0.001,5,10,True
0.7840368357487921,5,100,0.001,5,100,True
0.8615157004830918,5,100,0.001,10,1,True
0.8730324074074074,5,100,0.001,10,10,True
0.7813113929146538,5,100,0.001,10,100,True
0.8502818035426731,5,100,0.001,25,1,True
0.8716696859903382,5,100,0.001,25,10,True
0.7714462560386474,5,100,0.001,25,100,True
0.874777576489533,5,100,0.01,0,1,True
0.8877435587761675,5,100,0.01,0,10,True
0.7695662238325282,5,100,0.01,0,100,True
0.8824315619967793,5,100,0.01,1,1,True
0.8857789855072464,5,100,0.01,1,10,True
0.7984963768115942,5,100,0.01,1,100,True
0.8815388486312399,5,100,0.01,2,1,True
0.8851268115942028,5,100,0.01,2,10,True
0.7988617149758455,5,100,0.01,2,100,True
0.8810698470209339,5,100,0.01,3,1,True
0.884903381642512,5,100,0.01,3,10,True
0.7982175925925925,5,100,0.01,3,100,True
0.8825523349436394,5,100,0.01,5,1,True
0.8852979066022545,5,100,0.01,5,10,True
0.7975915861513688,5,100,0.01,5,100,True
0.8803532608695653,5,100,0.01,10,1,True
0.8848691626409018,5,100,0.01,10,10,True
0.7943790257648954,5,100,0.01,10,100,True
0.8731712962962963,5,100,0.01,25,1,True
0.8838798309178744,5,100,0.01,25,10,True
0.7865791062801932,5,100,0.01,25,100,True
0.870673309178744,5,100,0.1,0,1,True
0.8480696457326893,5,100,0.1,0,10,True
0.7810859500805154,5,100,0.1,0,100,True
0.8916847826086955,5,100,0.1,1,1,True
0.8783886876006441,5,100,0.1,1,10,True
0.8480324074074075,5,100,0.1,1,100,True
0.8954861111111111,5,100,0.1,2,1,True
0.8850996376811594,5,100,0.1,2,10,True
0.8416062801932368,5,100,0.1,2,100,True
0.8948470209339774,5,100,0.1,3,1,True
0.8867300724637681,5,100,0.1,3,10,True
0.8444535024154589,5,100,0.1,3,100,True
0.8950442834138486,5,100,0.1,5,1,True
0.8912188003220611,5,100,0.1,5,10,True
0.8564200885668278,5,100,0.1,5,100,True
0.894591384863124,5,100,0.1,10,1,True
0.8916495571658616,5,100,0.1,10,10,True
0.8580485104669887,5,100,0.1,10,100,True
0.8967018921095009,5,100,0.1,25,1,True
0.8948419887278583,5,100,0.1,25,10,True
0.8668347423510467,5,100,0.1,25,100,True
0.815750805152979,5,100,0.5,0,1,True
0.7555213365539453,5,100,0.5,0,10,True
0.6916978663446055,5,100,0.5,0,100,True
0.8522826086956521,5,100,0.5,1,1,True
0.8459138486312399,5,100,0.5,1,10,True
0.8138607085346216,5,100,0.5,1,100,True
0.8538747987117552,5,100,0.5,2,1,True
0.8499325684380032,5,100,0.5,2,10,True
0.8292411433172302,5,100,0.5,2,100,True
0.8684047906602255,5,100,0.5,3,1,True
0.8430776972624797,5,100,0.5,3,10,True
0.8146105072463768,5,100,0.5,3,100,True
0.8702033011272141,5,100,0.5,5,1,True
0.8613657407407407,5,100,0.5,5,10,True
0.831784420289855,5,100,0.5,5,100,True
0.8815780998389694,5,100,0.5,10,1,True
0.8571417069243157,5,100,0.5,10,10,True
0.8483504428341385,5,100,0.5,10,100,True
0.8836906199677937,5,100,0.5,25,1,True
0.8659621578099839,5,100,0.5,25,10,True
0.8612902576489534,5,100,0.5,25,100,True
0.8753200483091788,5,250,0.001,0,1,True
0.8811151368760064,5,250,0.001,0,10,True
0.7860054347826088,5,250,0.001,0,100,True
0.870523349436393,5,250,0.001,1,1,True
0.8799466586151369,5,250,0.001,1,10,True
0.8025191223832528,5,250,0.001,1,100,True
0.8692642914653785,5,250,0.001,2,1,True
0.8789643719806763,5,250,0.001,2,10,True
0.7979317632850241,5,250,0.001,2,100,True
0.8675623993558776,5,250,0.001,3,1,True
0.8780595813204509,5,250,0.001,3,10,True
0.7971205716586152,5,250,0.001,3,100,True
0.8655696457326891,5,250,0.001,5,1,True
0.8775543478260869,5,250,0.001,5,10,True
0.7953774154589373,5,250,0.001,5,100,True
0.8624547101449277,5,250,0.001,10,1,True
0.8759299516908212,5,250,0.001,10,10,True
0.7917200080515298,5,250,0.001,10,100,True
0.8520289855072463,5,250,0.001,25,1,True
0.874741344605475,5,250,0.001,25,10,True
0.7813194444444445,5,250,0.001,25,100,True
0.8885386473429951,5,250,0.01,0,1,True
0.8898510466988727,5,250,0.01,0,10,True
0.8090650161030596,5,250,0.01,0,100,True
0.8925181159420289,5,250,0.01,1,1,True
0.8926831723027375,5,250,0.01,1,10,True
0.8374607487922705,5,250,0.01,1,100,True
0.893028381642512,5,250,0.01,2,1,True
0.8922584541062801,5,250,0.01,2,10,True
0.8401539855072464,5,250,0.01,2,100,True
0.8935104669887279,5,250,0.01,3,1,True
0.8922071256038646,5,250,0.01,3,10,True
0.838966384863124,5,250,0.01,3,100,True
0.893839573268921,5,250,0.01,5,1,True
0.8925734702093399,5,250,0.01,5,10,True
0.8376620370370371,5,250,0.01,5,100,True
0.8938979468599033,5,250,0.01,10,1,True
0.8923128019323671,5,250,0.01,10,10,True
0.8363033413848631,5,250,0.01,10,100,True
0.8917924718196457,5,250,0.01,25,1,True
0.8916203703703702,5,250,0.01,25,10,True
0.8288898953301127,5,250,0.01,25,100,True
0.8510728663446055,5,250,0.1,0,1,True
0.8268438003220612,5,250,0.1,0,10,True
0.7572101449275362,5,250,0.1,0,100,True
0.881495571658615,5,250,0.1,1,1,True
0.8656863929146538,5,250,0.1,1,10,True
0.8265700483091787,5,250,0.1,1,100,True
0.8877576489533011,5,250,0.1,2,1,True
0.8730636070853462,5,250,0.1,2,10,True
0.8299547101449275,5,250,0.1,2,100,True
0.8857769726247988,5,250,0.1,3,1,True
0.8778743961352657,5,250,0.1,3,10,True
0.8365398550724638,5,250,0.1,3,100,True
0.8895350241545893,5,250,0.1,5,1,True
0.8835285829307569,5,250,0.1,5,10,True
0.8471074879227054,5,250,0.1,5,100,True
0.8898289049919484,5,250,0.1,10,1,True
0.8805515297906603,5,250,0.1,10,10,True
0.8544504830917875,5,250,0.1,10,100,True
0.8956783413848631,5,250,0.1,25,1,True
0.8879589371980676,5,250,0.1,25,10,True
0.8686694847020933,5,250,0.1,25,100,True
0.8230998389694042,5,250,0.5,0,1,True
0.7616384863123994,5,250,0.5,0,10,True
0.7103915056360708,5,250,0.5,0,100,True
0.8484581320450886,5,250,0.5,1,1,True
0.8488798309178743,5,250,0.5,1,10,True
0.8125553542673108,5,250,0.5,1,100,True
0.8529307568438004,5,250,0.5,2,1,True
0.8545984299516909,5,250,0.5,2,10,True
0.8221467391304349,5,250,0.5,2,100,True
0.8667975040257649,5,250,0.5,3,1,True
0.8467884460547505,5,250,0.5,3,10,True
0.8211050724637682,5,250,0.5,3,100,True
0.8628804347826088,5,250,0.5,5,1,True
0.8612359098228664,5,250,0.5,5,10,True
0.8323973429951692,5,250,0.5,5,100,True
0.8783172302737519,5,250,0.5,10,1,True
0.8588969404186795,5,250,0.5,10,10,True
0.8389392109500806,5,250,0.5,10,100,True
0.8817995169082127,5,250,0.5,25,1,True
0.865222423510467,5,250,0.5,25,10,True
0.8509088164251207,5,250,0.5,25,100,True
0.889013687600644,5,1000,0.001,0,1,True
0.8838657407407408,5,1000,0.001,0,10,True
0.8085024154589372,5,1000,0.001,0,100,True
0.8852053140096617,5,1000,0.001,1,1,True
0.8845098631239936,5,1000,0.001,1,10,True
0.8194001610305959,5,1000,0.001,1,100,True
0.8844061996779388,5,1000,0.001,2,1,True
0.8846306360708533,5,1000,0.001,2,10,True
0.8198007246376812,5,1000,0.001,2,100,True
0.8827546296296297,5,1000,0.001,3,1,True
0.8846245974235104,5,1000,0.001,3,10,True
0.8181884057971014,5,1000,0.001,3,100,True
0.8829971819645732,5,1000,0.001,5,1,True
0.8845541465378423,5,1000,0.001,5,10,True
0.8161030595813205,5,1000,0.001,5,100,True
0.8802858293075684,5,1000,0.001,10,1,True
0.8839965780998389,5,1000,0.001,10,10,True
0.8138546698872785,5,1000,0.001,10,100,True
0.8749496779388084,5,1000,0.001,25,1,True
0.8827948872785829,5,1000,0.001,25,10,True
0.8064251207729467,5,1000,0.001,25,100,True
0.8884420289855073,5,1000,0.01,0,1,True
0.8591183574879226,5,1000,0.01,0,10,True
0.7914452495974237,5,1000,0.01,0,100,True
0.8956723027375201,5,1000,0.01,1,1,True
0.889718196457327,5,1000,0.01,1,10,True
0.8518719806763284,5,1000,0.01,1,100,True
0.8948188405797102,5,1000,0.01,2,1,True
0.8916545893719806,5,1000,0.01,2,10,True
0.8547886473429951,5,1000,0.01,2,100,True
0.8956984702093398,5,1000,0.01,3,1,True
0.8919041867954911,5,1000,0.01,3,10,True
0.8558444041867954,5,1000,0.01,3,100,True
0.8961131239935587,5,1000,0.01,5,1,True
0.8932729468599033,5,1000,0.01,5,10,True
0.8564251207729467,5,1000,0.01,5,100,True
0.896712962962963,5,1000,0.01,10,1,True
0.8942934782608696,5,1000,0.01,10,10,True
0.8598450080515296,5,1000,0.01,10,100,True
0.8982930756843801,5,1000,0.01,25,1,True
0.8959702093397744,5,1000,0.01,25,10,True
0.8695118760064413,5,1000,0.01,25,100,True
0.8451066827697262,5,1000,0.1,0,1,True
0.8211553945249597,5,1000,0.1,0,10,True
0.7591847826086956,5,1000,0.1,0,100,True
0.8601127214170692,5,1000,0.1,1,1,True
0.8660768921095008,5,1000,0.1,1,10,True
0.8216545893719807,5,1000,0.1,1,100,True
0.8668337359098229,5,1000,0.1,2,1,True
0.8662540257648954,5,1000,0.1,2,10,True
0.8247141706924316,5,1000,0.1,2,100,True
0.8668760064412239,5,1000,0.1,3,1,True
0.8702475845410628,5,1000,0.1,3,10,True
0.8327636876006441,5,1000,0.1,3,100,True
0.8777999194847019,5,1000,0.1,5,1,True
0.869639694041868,5,1000,0.1,5,10,True
0.8337902576489533,5,1000,0.1,5,100,True
0.8841103059581319,5,1000,0.1,10,1,True
0.8652878421900161,5,1000,0.1,10,10,True
0.8370591787439614,5,1000,0.1,10,100,True
0.8884571256038647,5,1000,0.1,25,1,True
0.8750925925925925,5,1000,0.1,25,10,True
0.854957729468599,5,1000,0.1,25,100,True
0.824080112721417,5,1000,0.5,0,1,True
0.7637248389694042,5,1000,0.5,0,10,True
0.7103915056360708,5,1000,0.5,0,100,True
0.8515660225442835,5,1000,0.5,1,1,True
0.8496044685990338,5,1000,0.5,1,10,True
0.8167441626409018,5,1000,0.5,1,100,True
0.858274959742351,5,1000,0.5,2,1,True
0.8581723027375201,5,1000,0.5,2,10,True
0.8243357487922705,5,1000,0.5,2,100,True
0.8654146537842191,5,1000,0.5,3,1,True
0.8478220611916265,5,1000,0.5,3,10,True
0.821177536231884,5,1000,0.5,3,100,True
0.8579428341384863,5,1000,0.5,5,1,True
0.8628401771336555,5,1000,0.5,5,10,True
0.8307206119162641,5,1000,0.5,5,100,True
0.8695088566827697,5,1000,0.5,10,1,True
0.8584259259259259,5,1000,0.5,10,10,True
0.8430515297906601,5,1000,0.5,10,100,True
0.8744363929146538,5,1000,0.5,25,1,True
0.86426731078905,5,1000,0.5,25,10,True
0.8470289855072465,5,1000,0.5,25,100,True
0.839874194847021,10,10,0.001,0,1,True
0.8654438405797102,10,10,0.001,0,10,True
0.7029830917874396,10,10,0.001,0,100,True
0.8580032206119163,10,10,0.001,1,1,True
0.8780575684380031,10,10,0.001,1,10,True
0.7674768518518519,10,10,0.001,1,100,True
0.856135265700483,10,10,0.001,2,1,True
0.8783836553945249,10,10,0.001,2,10,True
0.7669685990338164,10,10,0.001,2,100,True
0.8541022544283414,10,10,0.001,3,1,True
0.8791495571658615,10,10,0.001,3,10,True
0.7671256038647343,10,10,0.001,3,100,True
0.8435114734299517,10,10,0.001,5,1,True
0.8795954106280193,10,10,0.001,5,10,True
0.765714573268921,10,10,0.001,5,100,True
0.8395783011272142,10,10,0.001,10,1,True
0.879440418679549,10,10,0.001,10,10,True
0.7639472624798712,10,10,0.001,10,100,True
0.8312842190016103,10,10,0.001,25,1,True
0.8757638888888889,10,10,0.001,25,10,True
0.7472906602254428,10,10,0.001,25,100,True
0.8422846215780999,10,10,0.01,0,1,True
0.8633383655394526,10,10,0.01,0,10,True
0.6996266103059581,10,10,0.01,0,100,True
0.8587449677938809,10,10,0.01,1,1,True
0.8783554750402577,10,10,0.01,1,10,True
0.7678170289855072,10,10,0.01,1,100,True
0.8567230273752011,10,10,0.01,2,1,True
0.877421497584541,10,10,0.01,2,10,True
0.7686191626409018,10,10,0.01,2,100,True
0.8557417471819646,10,10,0.01,3,1,True
0.880546497584541,10,10,0.01,3,10,True
0.7684681964573269,10,10,0.01,3,100,True
0.8459571256038647,10,10,0.01,5,1,True
0.8813305152979066,10,10,0.01,5,10,True
0.7663808373590983,10,10,0.01,5,100,True
0.8409651771336553,10,10,0.01,10,1,True
0.8807296698872786,10,10,0.01,10,10,True
0.7666465378421901,10,10,0.01,10,100,True
0.8335124798711755,10,10,0.01,25,1,True
0.8777274557165862,10,10,0.01,25,10,True
0.749134460547504,10,10,0.01,25,100,True
0.8385980273752014,10,10,0.1,0,1,True
0.841412037037037,10,10,0.1,0,10,True
0.7329901368760064,10,10,0.1,0,100,True
0.8802868357487924,10,10,0.1,1,1,True
0.8841042673107891,10,10,0.1,1,10,True
0.7777314814814815,10,10,0.1,1,100,True
0.8774617552334943,10,10,0.1,2,1,True
0.8848258856682769,10,10,0.1,2,10,True
0.7806099033816425,10,10,0.1,2,100,True
0.8753442028985507,10,10,0.1,3,1,True
0.8854730273752012,10,10,0.1,3,10,True
0.7812540257648953,10,10,0.1,3,100,True
0.874098228663446,10,10,0.1,5,1,True
0.8820823268921096,10,10,0.1,5,10,True
0.7827667069243156,10,10,0.1,5,100,True
0.8734299516908213,10,10,0.1,10,1,True
0.8838476247987117,10,10,0.1,10,10,True
0.7807326892109501,10,10,0.1,10,100,True
0.8663627214170693,10,10,0.1,25,1,True
0.8840660225442833,10,10,0.1,25,10,True
0.7726117149758454,10,10,0.1,25,100,True
0.7700744766505636,10,10,0.5,0,1,True
0.7763003220611916,10,10,0.5,0,10,True
0.7475100644122383,10,10,0.5,0,100,True
0.8655344202898549,10,10,0.5,1,1,True
0.8608534621578099,10,10,0.5,1,10,True
0.8191616344605476,10,10,0.5,1,100,True
0.870438808373591,10,10,0.5,2,1,True
0.8692461755233494,10,10,0.5,2,10,True
0.8121900161030596,10,10,0.5,2,100,True
0.8730615942028985,10,10,0.5,3,1,True
0.8683675523349436,10,10,0.5,3,10,True
0.8127143719806763,10,10,0.5,3,100,True
0.8749818840579711,10,10,0.5,5,1,True
0.8700785024154589,10,10,0.5,5,10,True
0.8220350241545893,10,10,0.5,5,100,True
0.8826871980676327,10,10,0.5,10,1,True
0.8846568035426731,10,10,0.5,10,10,True
0.8379418276972626,10,10,0.5,10,100,True
0.8866183574879226,10,10,0.5,25,1,True
0.8857437600644122,10,10,0.5,25,10,True
0.81625,10,10,0.5,25,100,True
0.8664351851851851,10,50,0.001,0,1,True
0.888545692431562,10,50,0.001,0,10,True
0.7355857487922705,10,50,0.001,0,100,True
0.8737811996779389,10,50,0.001,1,1,True
0.8896890096618357,10,50,0.001,1,10,True
0.7958303140096619,10,50,0.001,1,100,True
0.8730404589371981,10,50,0.001,2,1,True
0.8889150563607086,10,50,0.001,2,10,True
0.7952787842190016,10,50,0.001,2,100,True
0.8721487520128824,10,50,0.001,3,1,True
0.887885466988728,10,50,0.001,3,10,True
0.794308574879227,10,50,0.001,3,100,True
0.8668639291465379,10,50,0.001,5,1,True
0.888155193236715,10,50,0.001,5,10,True
0.7928572866344605,10,50,0.001,5,100,True
0.8591807568438004,10,50,0.001,10,1,True
0.8883363526570047,10,50,0.001,10,10,True
0.7919927536231886,10,50,0.001,10,100,True
0.8482316827697263,10,50,0.001,25,1,True
0.8848500402576489,10,50,0.001,25,10,True
0.7666787439613526,10,50,0.001,25,100,True
0.8717320853462157,10,50,0.01,0,1,True
0.8779740338164251,10,50,0.01,0,10,True
0.752025966183575,10,50,0.01,0,100,True
0.8798631239935588,10,50,0.01,1,1,True
0.8906441223832529,10,50,0.01,1,10,True
0.8062721417069244,10,50,0.01,1,100,True
0.8793729871175524,10,50,0.01,2,1,True
0.8909651771336554,10,50,0.01,2,10,True
0.8063425925925924,10,50,0.01,2,100,True
0.8783725845410628,10,50,0.01,3,1,True
0.8898943236714977,10,50,0.01,3,10,True
0.8052435587761675,10,50,0.01,3,100,True
0.8745521336553945,10,50,0.01,5,1,True
0.8906270128824477,10,50,0.01,5,10,True
0.8020793075684379,10,50,0.01,5,100,True
0.8709470611916263,10,50,0.01,10,1,True
0.8905998389694043,10,50,0.01,10,10,True
0.8008675523349437,10,50,0.01,10,100,True
0.8534742351046698,10,50,0.01,25,1,True
0.8884943639291465,10,50,0.01,25,10,True
0.7798419887278581,10,50,0.01,25,100,True
0.8149718196457326,10,50,0.1,0,1,True
0.7829066022544282,10,50,0.1,0,10,True
0.7346799516908212,10,50,0.1,0,100,True
0.8902586553945249,10,50,0.1,1,1,True
0.8813234702093398,10,50,0.1,1,10,True
0.8372111513687601,10,50,0.1,1,100,True
0.8920501207729468,10,50,0.1,2,1,True
0.8843236714975845,10,50,0.1,2,10,True
0.8456270128824477,10,50,0.1,2,100,True
0.8943236714975846,10,50,0.1,3,1,True
0.8855666264090176,10,50,0.1,3,10,True
0.8552395330112723,10,50,0.1,3,100,True
0.8947846215780999,10,50,0.1,5,1,True
0.8909762479871175,10,50,0.1,5,10,True
0.8600271739130434,10,50,0.1,5,100,True
0.8987771739130433,10,50,0.1,10,1,True
0.8912650966183575,10,50,0.1,10,10,True
0.8580334138486313,10,50,0.1,10,100,True
0.8977576489533011,10,50,0.1,25,1,True
0.8941274154589371,10,50,0.1,25,10,True
0.8545269726247987,10,50,0.1,25,100,True
0.7482236312399355,10,50,0.5,0,1,True
0.7551690821256039,10,50,0.5,0,10,True
0.6965750805152979,10,50,0.5,0,100,True
0.8631773349436392,10,50,0.5,1,1,True
0.8532477858293076,10,50,0.5,1,10,True
0.7990297906602254,10,50,0.5,1,100,True
0.871507648953301,10,50,0.5,2,1,True
0.8522926731078905,10,50,0.5,2,10,True
0.8231984702093398,10,50,0.5,2,100,True
0.8610909822866345,10,50,0.5,3,1,True
0.8631280193236716,10,50,0.5,3,10,True
0.830204307568438,10,50,0.5,3,100,True
0.8753814412238325,10,50,0.5,5,1,True
0.8535950080515298,10,50,0.5,5,10,True
0.8455676328502416,10,50,0.5,5,100,True
0.8861876006441224,10,50,0.5,10,1,True
0.8715881642512078,10,50,0.5,10,10,True
0.859980877616747,10,50,0.5,10,100,True
0.8923741948470209,10,50,0.5,25,1,True
0.877115539452496,10,50,0.5,25,10,True
0.8604800724637681,10,50,0.5,25,100,True
0.8800191223832527,10,100,0.001,0,1,True
0.8891173510466989,10,100,0.001,0,10,True
0.7580233494363928,10,100,0.001,0,100,True
0.8786362721417069,10,100,0.001,1,1,True
0.8917431561996779,10,100,0.001,1,10,True
0.8032286634460548,10,100,0.001,1,100,True
0.8779710144927536,10,100,0.001,2,1,True
0.8910134863123993,10,100,0.001,2,10,True
0.8013305152979067,10,100,0.001,2,100,True
0.877326892109501,10,100,0.001,3,1,True
0.8896930354267311,10,100,0.001,3,10,True
0.7993639291465379,10,100,0.001,3,100,True
0.8709148550724638,10,100,0.001,5,1,True
0.8894977858293076,10,100,0.001,5,10,True
0.7953572866344606,10,100,0.001,5,100,True
0.8592461755233495,10,100,0.001,10,1,True
0.8880726650563608,10,100,0.001,10,10,True
0.7913576892109501,10,100,0.001,10,100,True
0.8497665056360708,10,100,0.001,25,1,True
0.8839985909822865,10,100,0.001,25,10,True
0.7664563204508856,10,100,0.001,25,100,True
0.8817622785829309,10,100,0.01,0,1,True
0.8728894927536233,10,100,0.01,0,10,True
0.7743367552334943,10,100,0.01,0,100,True
0.889904388083736,10,100,0.01,1,1,True
0.893348429951691,10,100,0.01,1,10,True
0.814717190016103,10,100,0.01,1,100,True
0.8884450483091788,10,100,0.01,2,1,True
0.8942663043478261,10,100,0.01,2,10,True
0.8171245974235104,10,100,0.01,2,100,True
0.8882286634460547,10,100,0.01,3,1,True
0.8921084943639291,10,100,0.01,3,10,True
0.8174084138486313,10,100,0.01,3,100,True
0.8869323671497584,10,100,0.01,5,1,True
0.892325885668277,10,100,0.01,5,10,True
0.8153774154589373,10,100,0.01,5,100,True
0.8822997181964574,10,100,0.01,10,1,True
0.8910124798711756,10,100,0.01,10,10,True
0.8143659420289855,10,100,0.01,10,100,True
0.8715670289855072,10,100,0.01,25,1,True
0.8922956924315619,10,100,0.01,25,10,True
0.7929619565217392,10,100,0.01,25,100,True
0.8011714975845411,10,100,0.1,0,1,True
0.7607226247987117,10,100,0.1,0,10,True
0.7382105475040258,10,100,0.1,0,100,True
0.8881984702093397,10,100,0.1,1,1,True
0.8734953703703703,10,100,0.1,1,10,True
0.8331692834138487,10,100,0.1,1,100,True
0.8906541867954911,10,100,0.1,2,1,True
0.8788687600644123,10,100,0.1,2,10,True
0.845247584541063,10,100,0.1,2,100,True
0.8910940016103059,10,100,0.1,3,1,True
0.8823671497584541,10,100,0.1,3,10,True
0.850865539452496,10,100,0.1,3,100,True
0.8930203301127214,10,100,0.1,5,1,True
0.8822866344605476,10,100,0.1,5,10,True
0.8644464573268922,10,100,0.1,5,100,True
0.8971547906602253,10,100,0.1,10,1,True
0.8843518518518518,10,100,0.1,10,10,True
0.8672212157809984,10,100,0.1,10,100,True
0.8977556360708535,10,100,0.1,25,1,True
0.891911231884058,10,100,0.1,25,10,True
0.8719605475040257,10,100,0.1,25,100,True
0.7454498792270531,10,100,0.5,0,1,True
0.7585567632850241,10,100,0.5,0,10,True
0.7033464170692432,10,100,0.5,0,100,True
0.8702083333333335,10,100,0.5,1,1,True
0.8573540660225443,10,100,0.5,1,10,True
0.8172846215780999,10,100,0.5,1,100,True
0.8682930756843802,10,100,0.5,2,1,True
0.860426731078905,10,100,0.5,2,10,True
0.8313123993558776,10,100,0.5,2,100,True
0.860475040257649,10,100,0.5,3,1,True
0.8671980676328502,10,100,0.5,3,10,True
0.8282900563607085,10,100,0.5,3,100,True
0.8760386473429951,10,100,0.5,5,1,True
0.8526680756843801,10,100,0.5,5,10,True
0.8435668276972624,10,100,0.5,5,100,True
0.8827878421900162,10,100,0.5,10,1,True
0.8692582528180355,10,100,0.5,10,10,True
0.8547322866344605,10,100,0.5,10,100,True
0.8890640096618356,10,100,0.5,25,1,True
0.8683745974235105,10,100,0.5,25,10,True
0.8631280193236713,10,100,0.5,25,100,True
0.8820561594202898,10,250,0.001,0,1,True
0.8878904991948471,10,250,0.001,0,10,True
0.7735406602254431,10,250,0.001,0,100,True
0.8827002818035428,10,250,0.001,1,1,True
0.8908725845410629,10,250,0.001,1,10,True
0.8189009661835749,10,250,0.001,1,100,True
0.8810175120772946,10,250,0.001,2,1,True
0.8904398148148148,10,250,0.001,2,10,True
0.8164029790660224,10,250,0.001,2,100,True
0.8777868357487922,10,250,0.001,3,1,True
0.8898299114331724,10,250,0.001,3,10,True
0.8140237520128826,10,250,0.001,3,100,True
0.8728069645732689,10,250,0.001,5,1,True
0.8902999194847021,10,250,0.001,5,10,True
0.8104337761674718,10,250,0.001,5,100,True
0.8645350241545895,10,250,0.001,10,1,True
0.8886332528180355,10,250,0.001,10,10,True
0.8014180756843801,10,250,0.001,10,100,True
0.8537711352657006,10,250,0.001,25,1,True
0.8836916264090178,10,250,0.001,25,10,True
0.7794615539452495,10,250,0.001,25,100,True
0.8777737520128824,10,250,0.01,0,1,True
0.8547081320450884,10,250,0.01,0,10,True
0.783401771336554,10,250,0.01,0,100,True
0.8963033413848631,10,250,0.01,1,1,True
0.8932950885668277,10,250,0.01,1,10,True
0.8449849033816424,10,250,0.01,1,100,True
0.8960970209339775,10,250,0.01,2,1,True
0.8964452495974236,10,250,0.01,2,10,True
0.8483907004830918,10,250,0.01,2,100,True
0.8970692431561996,10,250,0.01,3,1,True
0.8958574879227053,10,250,0.01,3,10,True
0.8513717793880837,10,250,0.01,3,100,True
0.8960829307568438,10,250,0.01,5,1,True
0.896087962962963,10,250,0.01,5,10,True
0.8492502012882448,10,250,0.01,5,100,True
0.8971920289855073,10,250,0.01,10,1,True
0.8950201288244767,10,250,0.01,10,10,True
0.8510728663446054,10,250,0.01,10,100,True
0.8931159420289855,10,250,0.01,25,1,True
0.897296698872786,10,250,0.01,25,10,True
0.8375322061191626,10,250,0.01,25,100,True
0.8076851851851852,10,250,0.1,0,1,True
0.7959591384863124,10,250,0.1,0,10,True
0.7488224637681159,10,250,0.1,0,100,True
0.8811221819645733,10,250,0.1,1,1,True
0.8666515700483093,10,250,0.1,1,10,True
0.8371316425120774,10,250,0.1,1,100,True
0.8829750402576488,10,250,0.1,2,1,True
0.8726237922705314,10,250,0.1,2,10,True
0.8454488727858293,10,250,0.1,2,100,True
0.8889955716586151,10,250,0.1,3,1,True
0.8746417069243155,10,250,0.1,3,10,True
0.8464029790660226,10,250,0.1,3,100,True
0.8891133252818036,10,250,0.1,5,1,True
0.8773752012882448,10,250,0.1,5,10,True
0.8574416264090178,10,250,0.1,5,100,True
0.8904639694041867,10,250,0.1,10,1,True
0.8740338164251209,10,250,0.1,10,10,True
0.8637177938808375,10,250,0.1,10,100,True
0.8957648953301127,10,250,0.1,25,1,True
0.8818307165861514,10,250,0.1,25,10,True
0.8730454911433172,10,250,0.1,25,100,True
0.745252616747182,10,250,0.5,0,1,True
0.7585567632850242,10,250,0.5,0,10,True
0.7081028582930756,10,250,0.5,0,100,True
0.8697725442834139,10,250,0.5,1,1,True
0.8575744766505635,10,250,0.5,1,10,True
0.8162942834138487,10,250,0.5,1,100,True
0.8697926731078905,10,250,0.5,2,1,True
0.8623983494363929,10,250,0.5,2,10,True
0.833612117552335,10,250,0.5,2,100,True
0.8635346215780999,10,250,0.5,3,1,True
0.8675835346215782,10,250,0.5,3,10,True
0.834507850241546,10,250,0.5,3,100,True
0.8730917874396136,10,250,0.5,5,1,True
0.853455112721417,10,250,0.5,5,10,True
0.8421135265700483,10,250,0.5,5,100,True
0.8750261674718196,10,250,0.5,10,1,True
0.8689704106280194,10,250,0.5,10,10,True
0.85579307568438,10,250,0.5,10,100,True
0.8882185990338165,10,250,0.5,25,1,True
0.867902576489533,10,250,0.5,25,10,True
0.8604267310789049,10,250,0.5,25,100,True
0.8873490338164252,10,1000,0.001,0,1,True
0.877799919484702,10,1000,0.001,0,10,True
0.7918075684380033,10,1000,0.001,0,100,True
0.8914814814814814,10,1000,0.001,1,1,True
0.8922463768115942,10,1000,0.001,1,10,True
0.8291767310789051,10,1000,0.001,1,100,True
0.8915720611916264,10,1000,0.001,2,1,True
0.8926026570048309,10,1000,0.001,2,10,True
0.8290499194847021,10,1000,0.001,2,100,True
0.8900603864734299,10,1000,0.001,3,1,True
0.8927415458937198,10,1000,0.001,3,10,True
0.8282789855072464,10,1000,0.001,3,100,True
0.8879851046698874,10,1000,0.001,5,1,True
0.8927375201288246,10,1000,0.001,5,10,True
0.8246457326892108,10,1000,0.001,5,100,True
0.8823913043478262,10,1000,0.001,10,1,True
0.8927818035426731,10,1000,0.001,10,10,True
0.8137600644122385,10,1000,0.001,10,100,True
0.8739392109500805,10,1000,0.001,25,1,True
0.8913345410628019,10,1000,0.001,25,10,True
0.7954830917874396,10,1000,0.001,25,100,True
0.8304307568438004,10,1000,0.01,0,1,True
0.7862962962962963,10,1000,0.01,0,10,True
0.7589915458937199,10,1000,0.01,0,100,True
0.8949537037037036,10,1000,0.01,1,1,True
0.8827234299516908,10,1000,0.01,1,10,True
0.8504830917874395,10,1000,0.01,1,100,True
0.8961211755233494,10,1000,0.01,2,1,True
0.8855615942028986,10,1000,0.01,2,10,True
0.8544102254428341,10,1000,0.01,2,100,True
0.8968538647342995,10,1000,0.01,3,1,True
0.886213768115942,10,1000,0.01,3,10,True
0.8598329307568437,10,1000,0.01,3,100,True
0.898329307568438,10,1000,0.01,5,1,True
0.8886976650563608,10,1000,0.01,5,10,True
0.8649355877616747,10,1000,0.01,5,100,True
0.8992230273752012,10,1000,0.01,10,1,True
0.8899899355877616,10,1000,0.01,10,10,True
0.8719082125603863,10,1000,0.01,10,100,True
0.8992169887278583,10,1000,0.01,25,1,True
0.8950342190016104,10,1000,0.01,25,10,True
0.8793236714975845,10,1000,0.01,25,100,True
0.80926731078905,10,1000,0.1,0,1,True
0.7963093800322061,10,1000,0.1,0,10,True
0.7505173107890499,10,1000,0.1,0,100,True
0.8801157407407408,10,1000,0.1,1,1,True
0.868803341384863,10,1000,0.1,1,10,True
0.8420873590982286,10,1000,0.1,1,100,True
0.8764231078904992,10,1000,0.1,2,1,True
0.8726278180354268,10,1000,0.1,2,10,True
0.8450563607085346,10,1000,0.1,2,100,True
0.8769283413848631,10,1000,0.1,3,1,True
0.8726328502415459,10,1000,0.1,3,10,True
0.8437177938808373,10,1000,0.1,3,100,True
0.8820330112721417,10,1000,0.1,5,1,True
0.8731078904991949,10,1000,0.1,5,10,True
0.8493900966183575,10,1000,0.1,5,100,True
0.8853361513687601,10,1000,0.1,10,1,True
0.8676328502415458,10,1000,0.1,10,10,True
0.8499758454106281,10,1000,0.1,10,100,True
0.8896074879227053,10,1000,0.1,25,1,True
0.8752737520128824,10,1000,0.1,25,10,True
0.8625845410628019,10,1000,0.1,25,100,True
0.7457135668276973,10,1000,0.5,0,1,True
0.7554327697262478,10,1000,0.5,0,10,True
0.7085175120772946,10,1000,0.5,0,100,True
0.8685406602254429,10,1000,0.5,1,1,True
0.8571537842190016,10,1000,0.5,1,10,True
0.8200523349436393,10,1000,0.5,1,100,True
0.873317230273752,10,1000,0.5,2,1,True
0.8647171900161031,10,1000,0.5,2,10,True
0.834338768115942,10,1000,0.5,2,100,True
0.8650664251207729,10,1000,0.5,3,1,True
0.8684591384863123,10,1000,0.5,3,10,True
0.8377314814814815,10,1000,0.5,3,100,True
0.8705636070853463,10,1000,0.5,5,1,True
0.8529800724637682,10,1000,0.5,5,10,True
0.8439512882447665,10,1000,0.5,5,100,True
0.8780032206119164,10,1000,0.5,10,1,True
0.8685446859903382,10,1000,0.5,10,10,True
0.8517351046698874,10,1000,0.5,10,100,True
0.8851388888888889,10,1000,0.5,25,1,True
0.8653019323671498,10,1000,0.5,25,10,True
0.8570893719806763,10,1000,0.5,25,100,True